id,value
1,52
2,56
3,61
4,69
5,74
6,48
7,31
8,18
9,62
10,29
11,58
12,85
13,50
14,66
15,43
16,90
17,83
18,26
19,39
20,45
21,32
22,38
23,57
24,10
25,12
26,48
27,36
28,25
29,54
30,92
31,11
32,15
33,21
34,25
35,51
36,16
37,10
38,67
39,97
40,36
41,33
42,75
43,52
44,79
45,16
46,36
47,25
48,10
49,2
50,71
51,86
52,49
53,14
54,30
55,5
56,89
57,46
58,20
59,10
60,28
61,63
62,71
63,63
64,4
65,74
66,85
67,64
68,27
69,72
70,54
71,98
72,30
73,39
74,13
75,33
76,97
77,73
78,76
79,16
80,49
81,38
82,28
83,25
84,88
85,66
86,8
87,24
88,4
89,73
90,21
91,9
92,88
93,64
94,12
95,6
96,26
97,51
98,51
99,5
100,12
101,99
102,40
103,7
104,82
105,96
106,98
107,77
108,38
109,36
110,55
111,68
112,81
113,99
114,19
115,26
116,36
117,63
118,47
119,89
120,73
121,4
122,69
123,16
124,31
125,24
126,92
127,2
128,26
129,93
130,40
131,23
132,83
133,52
134,88
135,20
136,28
137,49
138,83
139,11
140,59
141,62
142,12
143,46
144,23
145,62
146,91
147,21
148,22
149,75
150,25
151,72
152,95
153,39
154,95
155,82
156,18
157,30
158,53
159,39
160,49
161,7
162,88
163,6
164,70
165,32
166,19
167,15
168,45
169,83
170,17
171,66
172,18
173,77
174,76
175,9
176,5
177,47
178,84
179,1
180,8
181,60
182,47
183,3
184,23
185,82
186,50
187,35
188,71
189,17
190,82
191,23
192,56
193,84
194,27
195,90
196,46
197,34
198,45
199,3
200,67
201,17
202,77
203,4
204,53
205,88
206,17
207,45
208,5
209,10
210,48
211,68
212,88
213,29
214,58
215,10
216,93
217,74
218,90
219,77
220,60
221,83
222,58
223,53
224,66
225,54
226,58
227,84
228,61
229,56
230,18
231,56
232,86
233,48
234,57
235,30
236,51
237,85
238,26
239,58
240,71
241,58
242,76
243,48
244,98
245,15
246,81
247,25
248,12
249,97
250,69
251,11
252,33
253,60
254,32
255,47
256,54
257,40
258,54
259,67
260,63
261,13
262,22
263,68
264,50
265,80
266,5
267,12
268,62
269,18
270,13
271,74
272,83
273,33
274,59
275,14
276,20
277,66
278,64
279,31
280,83
281,90
282,78
283,47
284,93
285,30
286,78
287,83
288,28
289,57
290,1
291,69
292,32
293,29
294,55
295,36
296,17
297,32
298,66
299,66
300,29
301,91
302,91
303,97
304,13
305,23
306,2
307,30
308,18
309,72
310,14
311,98
312,74
313,26
314,40
315,7
316,38
317,50
318,77
319,63
320,75
321,13
322,76
323,38
324,40
325,35
326,62
327,31
328,59
329,29
330,41
331,97
332,80
333,73
334,19
335,65
336,99
337,38
338,11
339,65
340,2
341,90
342,46
343,77
344,51
345,85
346,25
347,83
348,47
349,63
350,44
351,10
352,43
353,78
354,48
355,49
356,84
357,82
358,81
359,50
360,45
361,1
362,8
363,68
364,23
365,60
366,48
367,83
368,71
369,94
370,6
371,46
372,87
373,13
374,32
375,69
376,80
377,40
378,2
379,27
380,42
381,50
382,63
383,37
384,25
385,61
386,27
387,96
388,97
389,13
390,29
391,52
392,26
393,24
394,62
395,5
396,61
397,4
398,3
399,66
400,7
401,91
402,46
403,58
404,99
405,43
406,89
407,96
408,72
409,45
410,14
411,30
412,31
413,63
414,76
415,71
416,22
417,22
418,1
419,69
420,5
421,64
422,92
423,79
424,25
425,62
426,14
427,71
428,24
429,8
430,22
431,69
432,64
433,40
434,73
435,85
436,12
437,82
438,57
439,25
440,49
441,44
442,30
443,86
444,14
445,25
446,89
447,44
448,1
449,15
450,42
451,38
452,11
453,18
454,18
455,80
456,37
457,17
458,41
459,92
460,51
461,17
462,12
463,62
464,44
465,34
466,77
467,67
468,60
469,76
470,16
471,60
472,14
473,46
474,13
475,18
476,13
477,16
478,27
479,70
480,39
481,50
482,67
483,77
484,94
485,82
486,67
487,44
488,18
489,86
490,53
491,39
492,87
493,37
494,44
495,99
496,95
497,35
498,74
499,34
500,89
501,59
502,27
503,20
504,98
505,68
506,52
507,60
508,38
509,27
510,84
511,52
512,69
513,85
514,67
515,46
516,98
517,80
518,68
519,12
520,56
521,65
522,93
523,1
524,86
525,74
526,76
527,80
528,59
529,83
530,9
531,23
532,99
533,68
534,57
535,85
536,97
537,98
538,88
539,11
540,9
541,45
542,14
543,75
544,50
545,48
546,70
547,8
548,90
549,69
550,35
551,50
552,42
553,75
554,70
555,17
556,9
557,25
558,73
559,69
560,39
561,87
562,13
563,46
564,7
565,18
566,37
567,22
568,83
569,35
570,75
571,10
572,18
573,75
574,80
575,56
576,61
577,19
578,16
579,34
580,71
581,98
582,92
583,58
584,88
585,32
586,16
587,73
588,47
589,77
590,30
591,88
592,57
593,33
594,42
595,29
596,79
597,60
598,99
599,44
600,56
601,61
602,83
603,26
604,48
605,14
606,24
607,90
608,58
609,90
610,21
611,97
612,95
613,7
614,64
615,59
616,91
617,57
618,77
619,74
620,36
621,57
622,77
623,1
624,22
625,54
626,67
627,82
628,50
629,29
630,76
631,2
632,26
633,39
634,57
635,72
636,45
637,82
638,70
639,63
640,25
641,20
642,40
643,31
644,95
645,67
646,50
647,97
648,26
649,41
650,16
651,43
652,64
653,63
654,14
655,95
656,63
657,96
658,78
659,12
660,91
661,96
662,16
663,44
664,94
665,5
666,1
667,48
668,75
669,96
670,99
671,86
672,4
673,6
674,71
675,67
676,51
677,89
678,86
679,64
680,67
681,8
682,41
683,61
684,23
685,6
686,74
687,70
688,62
689,63
690,5
691,77
692,29
693,46
694,73
695,87
696,75
697,12
698,96
699,68
700,67
701,95
702,8
703,89
704,27
705,35
706,16
707,85
708,52
709,52
710,75
711,41
712,36
713,12
714,98
715,87
716,69
717,94
718,54
719,35
720,55
721,10
722,81
723,71
724,26
725,82
726,69
727,80
728,15
729,63
730,7
731,22
732,45
733,33
734,71
735,76
736,52
737,32
738,49
739,51
740,36
741,40
742,58
743,95
744,59
745,18
746,86
747,5
748,64
749,29
750,76
751,89
752,67
753,4
754,86
755,2
756,82
757,87
758,95
759,46
760,36
761,28
762,7
763,49
764,19
765,92
766,92
767,34
768,57
769,66
770,86
771,32
772,56
773,87
774,76
775,65
776,19
777,7
778,69
779,92
780,21
781,65
782,16
783,3
784,5
785,25
786,26
787,5
788,44
789,87
790,17
791,10
792,1
793,90
794,58
795,86
796,36
797,38
798,1
799,87
800,40
801,37
802,33
803,70
804,1
805,74
806,49
807,21
808,80
809,48
810,15
811,66
812,27
813,25
814,2
815,47
816,38
817,66
818,16
819,42
820,17
821,39
822,38
823,69
824,10
825,1
826,13
827,93
828,29
829,64
830,89
831,32
832,44
833,66
834,93
835,25
836,61
837,51
838,3
839,66
840,93
841,70
842,23
843,94
844,78
845,52
846,69
847,87
848,31
849,13
850,51
851,69
852,22
853,84
854,32
855,19
856,14
857,2
858,90
859,34
860,53
861,76
862,75
863,41
864,16
865,75
866,59
867,80
868,44
869,8
870,59
871,61
872,40
873,90
874,44
875,57
876,44
877,66
878,72
879,86
880,42
881,30
882,50
883,89
884,10
885,71
886,61
887,8
888,21
889,13
890,85
891,72
892,94
893,69
894,82
895,50
896,74
897,49
898,56
899,54
900,38
901,42
902,69
903,67
904,92
905,21
906,37
907,85
908,64
909,3
910,67
911,64
912,92
913,12
914,24
915,67
916,43
917,61
918,21
919,54
920,13
921,84
922,90
923,92
924,72
925,33
926,60
927,37
928,30
929,17
930,89
931,89
932,14
933,5
934,49
935,32
936,97
937,18
938,30
939,24
940,55
941,27
942,47
943,60
944,81
945,64
946,30
947,33
948,20
949,10
950,34
951,86
952,5
953,35
954,32
955,78
956,63
957,81
958,74
959,58
960,79
961,11
962,52
963,4
964,2
965,53
966,26
967,82
968,74
969,7
970,94
971,34
972,52
973,21
974,70
975,26
976,22
977,12
978,97
979,88
980,62
981,48
982,77
983,68
984,10
985,28
986,65
987,90
988,65
989,6
990,20
991,68
992,78
993,52
994,74
995,74
996,13
997,37
998,77
999,19
1000,91
1001,9
1002,13
1003,49
1004,96
1005,28
1006,59
1007,51
1008,16
1009,19
1010,19
1011,44
1012,36
1013,98
1014,1
1015,78
1016,86
1017,26
1018,84
1019,7
1020,51
1021,37
1022,76
1023,96
1024,90
1025,66
1026,49
1027,42
1028,31
1029,58
1030,6
1031,72
1032,59
1033,58
1034,2
1035,10
1036,70
1037,80
1038,31
1039,15
1040,19
1041,31
1042,68
1043,12
1044,82
1045,89
1046,6
1047,29
1048,98
1049,52
1050,75
1051,19
1052,33
1053,2
1054,20
1055,75
1056,17
1057,16
1058,3
1059,35
1060,47
1061,28
1062,63
1063,33
1064,71
1065,69
1066,31
1067,88
1068,90
1069,80
1070,58
1071,38
1072,13
1073,96
1074,91
1075,82
1076,1
1077,40
1078,74
1079,5
1080,94
1081,65
1082,96
1083,60
1084,93
1085,85
1086,80
1087,72
1088,76
1089,97
1090,67
1091,78
1092,57
1093,75
1094,15
1095,27
1096,48
1097,19
1098,58
1099,53
1100,28
1101,92
1102,75
1103,74
1104,51
1105,28
1106,79
1107,78
1108,28
1109,74
1110,87
1111,72
1112,84
1113,26
1114,65
1115,84
1116,7
1117,6
1118,21
1119,78
1120,57
1121,65
1122,5
1123,71
1124,89
1125,67
1126,30
1127,96
1128,66
1129,58
1130,83
1131,30
1132,43
1133,4
1134,82
1135,20
1136,2
1137,40
1138,58
1139,89
1140,94
1141,1
1142,94
1143,37
1144,88
1145,14
1146,43
1147,69
1148,64
1149,60
1150,62
1151,35
1152,79
1153,49
1154,30
1155,45
1156,23
1157,87
1158,22
1159,52
1160,93
1161,77
1162,34
1163,7
1164,31
1165,5
1166,22
1167,7
1168,67
1169,30
1170,88
1171,10
1172,57
1173,70
1174,41
1175,31
1176,37
1177,85
1178,93
1179,93
1180,78
1181,6
1182,46
1183,88
1184,79
1185,24
1186,36
1187,55
1188,60
1189,44
1190,48
1191,78
1192,79
1193,20
1194,5
1195,74
1196,96
1197,98
1198,28
1199,9
1200,64
1201,26
1202,60
1203,63
1204,31
1205,81
1206,50
1207,72
1208,91
1209,81
1210,94
1211,11
1212,37
1213,8
1214,39
1215,16
1216,71
1217,90
1218,25
1219,22
1220,22
1221,58
1222,21
1223,34
1224,33
1225,54
1226,27
1227,24
1228,36
1229,40
1230,16
1231,12
1232,48
1233,48
1234,58
1235,44
1236,31
1237,77
1238,69
1239,78
1240,94
1241,22
1242,53
1243,86
1244,65
1245,22
1246,79
1247,37
1248,44
1249,12
1250,81
1251,29
1252,98
1253,14
1254,1
1255,88
1256,59
1257,19
1258,1
1259,55
1260,58
1261,66
1262,11
1263,77
1264,3
1265,22
1266,27
1267,43
1268,81
1269,90
1270,24
1271,19
1272,82
1273,29
1274,57
1275,45
1276,43
1277,18
1278,19
1279,13
1280,51
1281,10
1282,90
1283,34
1284,50
1285,61
1286,75
1287,51
1288,33
1289,15
1290,66
1291,11
1292,65
1293,51
1294,34
1295,21
1296,60
1297,39
1298,48
1299,92
1300,99
1301,40
1302,69
1303,39
1304,62
1305,27
1306,5
1307,68
1308,35
1309,43
1310,82
1311,54
1312,5
1313,79
1314,94
1315,23
1316,69
1317,74
1318,51
1319,68
1320,61
1321,98
1322,15
1323,68
1324,75
1325,15
1326,98
1327,42
1328,60
1329,34
1330,36
1331,69
1332,78
1333,92
1334,94
1335,8
1336,94
1337,44
1338,31
1339,64
1340,47
1341,82
1342,51
1343,69
1344,49
1345,93
1346,20
1347,28
1348,51
1349,94
1350,60
1351,59
1352,98
1353,76
1354,99
1355,2
1356,73
1357,27
1358,45
1359,19
1360,82
1361,73
1362,81
1363,4
1364,48
1365,85
1366,99
1367,39
1368,13
1369,67
1370,16
1371,34
1372,18
1373,85
1374,57
1375,50
1376,64
1377,26
1378,64
1379,96
1380,38
1381,39
1382,32
1383,98
1384,36
1385,40
1386,9
1387,80
1388,84
1389,51
1390,70
1391,67
1392,61
1393,4
1394,29
1395,47
1396,69
1397,21
1398,7
1399,20
1400,5
1401,12
1402,6
1403,35
1404,40
1405,90
1406,56
1407,65
1408,61
1409,40
1410,15
1411,77
1412,63
1413,20
1414,89
1415,85
1416,20
1417,64
1418,12
1419,50
1420,20
1421,28
1422,99
1423,96
1424,49
1425,39
1426,98
1427,15
1428,71
1429,73
1430,29
1431,77
1432,69
1433,75
1434,59
1435,18
1436,21
1437,66
1438,4
1439,44
1440,10
1441,82
1442,45
1443,80
1444,74
1445,62
1446,25
1447,6
1448,69
1449,81
1450,69
1451,2
1452,40
1453,56
1454,31
1455,50
1456,79
1457,58
1458,69
1459,97
1460,15
1461,46
1462,38
1463,99
1464,65
1465,39
1466,61
1467,95
1468,33
1469,29
1470,28
1471,40
1472,31
1473,42
1474,65
1475,6
1476,61
1477,67
1478,21
1479,86
1480,32
1481,90
1482,6
1483,21
1484,65
1485,84
1486,97
1487,72
1488,33
1489,67
1490,60
1491,52
1492,27
1493,29
1494,93
1495,72
1496,60
1497,41
1498,91
1499,18
1500,16
1501,89
1502,46
1503,75
1504,86
1505,36
1506,18
1507,3
1508,65
1509,31
1510,43
1511,44
1512,51
1513,35
1514,30
1515,18
1516,79
1517,22
1518,86
1519,83
1520,51
1521,20
1522,23
1523,30
1524,56
1525,42
1526,63
1527,84
1528,41
1529,48
1530,50
1531,98
1532,59
1533,45
1534,11
1535,49
1536,61
1537,13
1538,93
1539,72
1540,92
1541,79
1542,41
1543,46
1544,96
1545,9
1546,53
1547,6
1548,53
1549,7
1550,6
1551,61
1552,16
1553,73
1554,48
1555,25
1556,72
1557,13
1558,40
1559,17
1560,81
1561,91
1562,19
1563,41
1564,29
1565,68
1566,47
1567,41
1568,82
1569,91
1570,92
1571,85
1572,25
1573,29
1574,1
1575,74
1576,51
1577,89
1578,57
1579,61
1580,29
1581,16
1582,95
1583,30
1584,10
1585,60
1586,57
1587,24
1588,27
1589,49
1590,79
1591,92
1592,13
1593,49
1594,59
1595,71
1596,37
1597,89
1598,66
1599,58
1600,59
1601,55
1602,94
1603,77
1604,9
1605,26
1606,22
1607,66
1608,12
1609,43
1610,45
1611,34
1612,12
1613,82
1614,9
1615,70
1616,74
1617,36
1618,43
1619,21
1620,84
1621,46
1622,54
1623,56
1624,12
1625,32
1626,32
1627,61
1628,32
1629,52
1630,77
1631,81
1632,67
1633,60
1634,76
1635,46
1636,98
1637,55
1638,41
1639,61
1640,61
1641,91
1642,59
1643,33
1644,4
1645,5
1646,76
1647,38
1648,28
1649,74
1650,17
1651,81
1652,4
1653,23
1654,75
1655,28
1656,30
1657,35
1658,38
1659,81
1660,80
1661,37
1662,26
1663,72
1664,43
1665,77
1666,69
1667,48
1668,7
1669,83
1670,24
1671,4
1672,93
1673,14
1674,18
1675,57
1676,1
1677,60
1678,56
1679,82
1680,33
1681,38
1682,48
1683,3
1684,1
1685,79
1686,88
1687,26
1688,31
1689,29
1690,83
1691,45
1692,11
1693,11
1694,83
1695,42
1696,75
1697,34
1698,51
1699,88
1700,28
1701,99
1702,41
1703,80
1704,54
1705,49
1706,58
1707,94
1708,49
1709,92
1710,58
1711,50
1712,1
1713,59
1714,94
1715,13
1716,17
1717,2
1718,92
1719,95
1720,91
1721,27
1722,5
1723,27
1724,75
1725,3
1726,94
1727,39
1728,21
1729,2
1730,66
1731,32
1732,61
1733,62
1734,40
1735,34
1736,12
1737,2
1738,54
1739,99
1740,66
1741,91
1742,42
1743,21
1744,71
1745,34
1746,64
1747,15
1748,24
1749,9
1750,63
1751,57
1752,32
1753,45
1754,71
1755,14
1756,16
1757,41
1758,33
1759,77
1760,49
1761,94
1762,23
1763,78
1764,68
1765,5
1766,57
1767,31
1768,25
1769,17
1770,33
1771,67
1772,48
1773,63
1774,98
1775,86
1776,17
1777,24
1778,50
1779,55
1780,64
1781,69
1782,67
1783,44
1784,32
1785,46
1786,58
1787,40
1788,79
1789,47
1790,90
1791,64
1792,12
1793,90
1794,56
1795,46
1796,69
1797,1
1798,77
1799,70
1800,17
1801,6
1802,11
1803,6
1804,97
1805,49
1806,63
1807,76
1808,68
1809,55
1810,27
1811,78
1812,84
1813,34
1814,75
1815,67
1816,16
1817,39
1818,18
1819,48
1820,29
1821,27
1822,74
1823,10
1824,7
1825,20
1826,47
1827,5
1828,52
1829,56
1830,44
1831,71
1832,89
1833,34
1834,82
1835,55
1836,29
1837,37
1838,47
1839,32
1840,62
1841,52
1842,75
1843,42
1844,63
1845,72
1846,99
1847,70
1848,52
1849,52
1850,7
1851,56
1852,38
1853,23
1854,62
1855,1
1856,47
1857,54
1858,71
1859,48
1860,93
1861,19
1862,54
1863,12
1864,14
1865,72
1866,81
1867,63
1868,6
1869,8
1870,60
1871,72
1872,16
1873,29
1874,66
1875,69
1876,97
1877,81
1878,52
1879,38
1880,25
1881,69
1882,81
1883,71
1884,24
1885,65
1886,16
1887,18
1888,70
1889,40
1890,58
1891,23
1892,85
1893,78
1894,13
1895,62
1896,14
1897,65
1898,30
1899,49
1900,81
1901,57
1902,22
1903,68
1904,8
1905,11
1906,66
1907,29
1908,80
1909,19
1910,50
1911,91
1912,35
1913,78
1914,96
1915,95
1916,46
1917,19
1918,82
1919,3
1920,90
1921,52
1922,27
1923,86
1924,87
1925,95
1926,47
1927,46
1928,61
1929,64
1930,10
1931,37
1932,88
1933,72
1934,3
1935,6
1936,15
1937,35
1938,72
1939,73
1940,80
1941,56
1942,28
1943,92
1944,69
1945,19
1946,66
1947,62
1948,15
1949,65
1950,57
1951,77
1952,78
1953,79
1954,10
1955,71
1956,74
1957,94
1958,79
1959,1
1960,24
1961,1
1962,95
1963,65
1964,52
1965,88
1966,94
1967,48
1968,87
1969,12
1970,46
1971,24
1972,26
1973,71
1974,31
1975,41
1976,2
1977,14
1978,49
1979,83
1980,99
1981,78
1982,68
1983,62
1984,65
1985,94
1986,79
1987,90
1988,69
1989,62
1990,54
1991,20
1992,3
1993,20
1994,54
1995,9
1996,22
1997,70
1998,38
1999,59
2000,98
2001,93
2002,75
2003,46
2004,83
2005,6
2006,9
2007,71
2008,69
2009,2
2010,79
2011,47
2012,12
2013,64
2014,31
2015,35
2016,97
2017,83
2018,57
2019,16
2020,8
2021,69
2022,62
2023,79
2024,64
2025,97
2026,58
2027,70
2028,50
2029,81
2030,11
2031,24
2032,60
2033,17
2034,42
2035,78
2036,93
2037,48
2038,35
2039,51
2040,54
2041,19
2042,45
2043,56
2044,61
2045,81
2046,65
2047,6
2048,83
2049,45
2050,37
2051,68
2052,91
2053,4
2054,37
2055,15
2056,43
2057,77
2058,75
2059,39
2060,53
2061,37
2062,58
2063,45
2064,15
2065,84
2066,6
2067,24
2068,12
2069,64
2070,79
2071,95
2072,50
2073,99
2074,4
2075,12
2076,44
2077,33
2078,45
2079,29
2080,62
2081,30
2082,79
2083,83
2084,25
2085,57
2086,56
2087,85
2088,37
2089,66
2090,95
2091,45
2092,93
2093,78
2094,40
2095,15
2096,16
2097,73
2098,35
2099,15
2100,28
2101,50
2102,85
2103,47
2104,3
2105,33
2106,27
2107,92
2108,75
2109,96
2110,53
2111,53
2112,62
2113,86
2114,68
2115,42
2116,34
2117,93
2118,24
2119,46
2120,20
2121,41
2122,83
2123,59
2124,96
2125,58
2126,71
2127,45
2128,49
2129,57
2130,93
2131,41
2132,38
2133,16
2134,99
2135,36
2136,57
2137,52
2138,49
2139,91
2140,7
2141,61
2142,87
2143,8
2144,82
2145,24
2146,65
2147,89
2148,2
2149,14
2150,98
2151,88
2152,54
2153,16
2154,82
2155,99
2156,73
2157,8
2158,78
2159,52
2160,81
2161,96
2162,60
2163,66
2164,99
2165,76
2166,28
2167,25
2168,60
2169,90
2170,57
2171,93
2172,28
2173,95
2174,66
2175,67
2176,6
2177,62
2178,27
2179,16
2180,74
2181,16
2182,6
2183,89
2184,39
2185,6
2186,62
2187,9
2188,55
2189,71
2190,37
2191,10
2192,28
2193,85
2194,71
2195,53
2196,69
2197,55
2198,56
2199,82
2200,18
2201,21
2202,93
2203,14
2204,21
2205,65
2206,13
2207,64
2208,69
2209,73
2210,11
2211,83
2212,91
2213,49
2214,54
2215,57
2216,63
2217,94
2218,13
2219,51
2220,92
2221,65
2222,2
2223,86
2224,71
2225,29
2226,56
2227,29
2228,2
2229,50
2230,34
2231,94
2232,98
2233,32
2234,99
2235,78
2236,61
2237,27
2238,45
2239,66
2240,64
2241,96
2242,30
2243,46
2244,86
2245,73
2246,31
2247,36
2248,75
2249,84
2250,81
2251,82
2252,58
2253,41
2254,32
2255,62
2256,88
2257,5
2258,23
2259,19
2260,2
2261,56
2262,25
2263,98
2264,12
2265,83
2266,66
2267,70
2268,68
2269,76
2270,97
2271,58
2272,88
2273,57
2274,63
2275,29
2276,70
2277,70
2278,77
2279,27
2280,23
2281,62
2282,1
2283,93
2284,95
2285,6
2286,47
2287,61
2288,69
2289,98
2290,4
2291,47
2292,46
2293,50
2294,9
2295,48
2296,29
2297,88
2298,11
2299,10
2300,78
2301,50
2302,28
2303,28
2304,28
2305,37
2306,57
2307,99
2308,46
2309,59
2310,44
2311,22
2312,71
2313,52
2314,1
2315,20
2316,26
2317,93
2318,82
2319,35
2320,20
2321,69
2322,61
2323,91
2324,34
2325,78
2326,10
2327,10
2328,79
2329,23
2330,6
2331,10
2332,20
2333,32
2334,28
2335,3
2336,25
2337,51
2338,37
2339,34
2340,40
2341,24
2342,78
2343,10
2344,93
2345,7
2346,64
2347,67
2348,88
2349,71
2350,32
2351,36
2352,94
2353,69
2354,24
2355,3
2356,3
2357,87
2358,42
2359,18
2360,79
2361,51
2362,8
2363,11
2364,46
2365,65
2366,40
2367,74
2368,69
2369,95
2370,60
2371,59
2372,86
2373,89
2374,84
2375,32
2376,18
2377,41
2378,88
2379,67
2380,42
2381,32
2382,84
2383,38
2384,9
2385,51
2386,74
2387,56
2388,70
2389,30
2390,81
2391,17
2392,1
2393,41
2394,14
2395,65
2396,48
2397,69
2398,87
2399,43
2400,87
2401,22
2402,37
2403,59
2404,46
2405,49
2406,58
2407,87
2408,58
2409,80
2410,68
2411,85
2412,62
2413,37
2414,61
2415,83
2416,50
2417,24
2418,31
2419,75
2420,93
2421,19
2422,75
2423,72
2424,58
2425,46
2426,31
2427,80
2428,96
2429,54
2430,89
2431,11
2432,21
2433,91
2434,23
2435,31
2436,8
2437,27
2438,85
2439,43
2440,57
2441,49
2442,53
2443,46
2444,9
2445,95
2446,69
2447,45
2448,89
2449,31
2450,97
2451,24
2452,29
2453,63
2454,8
2455,49
2456,2
2457,59
2458,59
2459,96
2460,37
2461,48
2462,23
2463,6
2464,94
2465,65
2466,63
2467,98
2468,77
2469,90
2470,36
2471,27
2472,97
2473,68
2474,65
2475,89
2476,87
2477,31
2478,31
2479,42
2480,54
2481,9
2482,82
2483,37
2484,65
2485,66
2486,31
2487,53
2488,74
2489,85
2490,71
2491,98
2492,73
2493,1
2494,73
2495,76
2496,17
2497,87
2498,24
2499,93
2500,97
2501,40
2502,38
2503,89
2504,20
2505,64
2506,25
2507,4
2508,7
2509,72
2510,57
2511,2
2512,9
2513,1
2514,41
2515,91
2516,17
2517,31
2518,30
2519,41
2520,61
2521,36
2522,31
2523,39
2524,53
2525,58
2526,41
2527,99
2528,65
2529,72
2530,20
2531,16
2532,56
2533,50
2534,23
2535,51
2536,92
2537,38
2538,93
2539,9
2540,20
2541,11
2542,67
2543,64
2544,38
2545,79
2546,13
2547,60
2548,81
2549,81
2550,40
2551,73
2552,90
2553,78
2554,4
2555,19
2556,72
2557,49
2558,29
2559,15
2560,70
2561,21
2562,70
2563,21
2564,4
2565,12
2566,10
2567,5
2568,35
2569,21
2570,1
2571,39
2572,40
2573,22
2574,7
2575,50
2576,86
2577,29
2578,94
2579,89
2580,49
2581,39
2582,62
2583,66
2584,83
2585,7
2586,44
2587,37
2588,58
2589,39
2590,5
2591,76
2592,79
2593,90
2594,81
2595,59
2596,45
2597,81
2598,64
2599,29
2600,4
2601,17
2602,99
2603,56
2604,81
2605,59
2606,69
2607,95
2608,17
2609,21
2610,59
2611,89
2612,69
2613,69
2614,21
2615,7
2616,79
2617,57
2618,87
2619,83
2620,65
2621,30
2622,57
2623,31
2624,62
2625,13
2626,83
2627,24
2628,46
2629,43
2630,12
2631,55
2632,75
2633,67
2634,46
2635,5
2636,62
2637,64
2638,35
2639,46
2640,13
2641,58
2642,6
2643,67
2644,32
2645,22
2646,4
2647,41
2648,42
2649,65
2650,44
2651,32
2652,91
2653,58
2654,19
2655,8
2656,30
2657,21
2658,41
2659,8
2660,10
2661,50
2662,25
2663,11
2664,50
2665,52
2666,43
2667,30
2668,56
2669,4
2670,52
2671,62
2672,67
2673,78
2674,90
2675,12
2676,81
2677,70
2678,8
2679,79
2680,93
2681,83
2682,48
2683,76
2684,67
2685,24
2686,61
2687,62
2688,25
2689,15
2690,32
2691,95
2692,65
2693,79
2694,11
2695,63
2696,21
2697,87
2698,77
2699,6
2700,41
2701,6
2702,44
2703,19
2704,79
2705,27
2706,43
2707,65
2708,12
2709,14
2710,3
2711,33
2712,52
2713,18
2714,9
2715,10
2716,89
2717,45
2718,74
2719,40
2720,61
2721,69
2722,66
2723,88
2724,82
2725,76
2726,81
2727,88
2728,88
2729,17
2730,78
2731,87
2732,63
2733,4
2734,20
2735,47
2736,2
2737,88
2738,28
2739,59
2740,33
2741,31
2742,36
2743,20
2744,12
2745,33
2746,40
2747,29
2748,97
2749,45
2750,99
2751,52
2752,91
2753,80
2754,39
2755,77
2756,1
2757,97
2758,96
2759,73
2760,22
2761,7
2762,96
2763,61
2764,12
2765,52
2766,14
2767,61
2768,3
2769,96
2770,19
2771,54
2772,84
2773,73
2774,52
2775,36
2776,44
2777,79
2778,75
2779,31
2780,56
2781,69
2782,26
2783,48
2784,4
2785,32
2786,78
2787,12
2788,47
2789,52
2790,90
2791,75
2792,75
2793,46
2794,54
2795,57
2796,15
2797,85
2798,63
2799,73
2800,62
2801,14
2802,98
2803,85
2804,68
2805,76
2806,44
2807,95
2808,27
2809,54
2810,60
2811,60
2812,97
2813,37
2814,12
2815,51
2816,79
2817,61
2818,6
2819,6
2820,50
2821,86
2822,63
2823,57
2824,84
2825,96
2826,8
2827,16
2828,12
2829,1
2830,20
2831,64
2832,35
2833,3
2834,15
2835,78
2836,32
2837,42
2838,37
2839,42
2840,39
2841,62
2842,91
2843,59
2844,67
2845,72
2846,5
2847,36
2848,9
2849,9
2850,44
2851,36
2852,85
2853,6
2854,48
2855,32
2856,14
2857,31
2858,30
2859,87
2860,32
2861,25
2862,53
2863,38
2864,40
2865,4
2866,37
2867,37
2868,12
2869,97
2870,45
2871,89
2872,79
2873,77
2874,96
2875,69
2876,35
2877,37
2878,60
2879,6
2880,56
2881,47
2882,3
2883,60
2884,99
2885,89
2886,41
2887,75
2888,66
2889,19
2890,6
2891,45
2892,5
2893,65
2894,99
2895,46
2896,97
2897,97
2898,40
2899,22
2900,65
2901,62
2902,21
2903,59
2904,37
2905,24
2906,15
2907,81
2908,31
2909,8
2910,86
2911,68
2912,70
2913,60
2914,43
2915,5
2916,72
2917,69
2918,88
2919,55
2920,76
2921,31
2922,66
2923,89
2924,76
2925,40
2926,92
2927,50
2928,35
2929,21
2930,22
2931,22
2932,75
2933,23
2934,91
2935,89
2936,24
2937,2
2938,62
2939,66
2940,21
2941,83
2942,3
2943,43
2944,24
2945,52
2946,93
2947,10
2948,79
2949,90
2950,21
2951,40
2952,33
2953,71
2954,27
2955,52
2956,94
2957,54
2958,18
2959,64
2960,85
2961,86
2962,11
2963,80
2964,75
2965,55
2966,32
2967,14
2968,13
2969,88
2970,85
2971,68
2972,57
2973,43
2974,54
2975,97
2976,34
2977,35
2978,83
2979,67
2980,18
2981,2
2982,34
2983,36
2984,12
2985,17
2986,26
2987,3
2988,46
2989,3
2990,30
2991,60
2992,96
2993,91
2994,10
2995,16
2996,48
2997,91
2998,25
2999,85
3000,38
3001,18
3002,61
3003,92
3004,38
3005,70
3006,96
3007,57
3008,70
3009,51
3010,87
3011,87
3012,83
3013,74
3014,15
3015,70
3016,61
3017,16
3018,43
3019,5
3020,54
3021,69
3022,49
3023,80
3024,25
3025,53
3026,65
3027,4
3028,57
3029,83
3030,96
3031,41
3032,5
3033,29
3034,67
3035,47
3036,93
3037,19
3038,88
3039,92
3040,28
3041,55
3042,12
3043,55
3044,64
3045,23
3046,35
3047,43
3048,85
3049,24
3050,23
3051,39
3052,2
3053,76
3054,93
3055,50
3056,57
3057,28
3058,41
3059,98
3060,67
3061,17
3062,61
3063,55
3064,26
3065,97
3066,78
3067,39
3068,83
3069,89
3070,24
3071,37
3072,55
3073,89
3074,95
3075,21
3076,33
3077,53
3078,20
3079,21
3080,56
3081,25
3082,78
3083,36
3084,1
3085,92
3086,76
3087,50
3088,47
3089,40
3090,89
3091,18
3092,46
3093,85
3094,21
3095,54
3096,48
3097,6
3098,29
3099,21
3100,23
3101,24
3102,65
3103,36
3104,57
3105,2
3106,37
3107,5
3108,32
3109,27
3110,20
3111,78
3112,88
3113,1
3114,48
3115,10
3116,40
3117,69
3118,80
3119,74
3120,23
3121,33
3122,37
3123,21
3124,74
3125,4
3126,50
3127,81
3128,62
3129,19
3130,25
3131,1
3132,45
3133,94
3134,10
3135,43
3136,49
3137,85
3138,74
3139,68
3140,48
3141,97
3142,88
3143,88
3144,88
3145,10
3146,23
3147,29
3148,96
3149,66
3150,1
3151,34
3152,32
3153,54
3154,54
3155,26
3156,16
3157,95
3158,36
3159,28
3160,89
3161,71
3162,75
3163,36
3164,71
3165,6
3166,77
3167,91
3168,40
3169,82
3170,9
3171,88
3172,47
3173,81
3174,73
3175,89
3176,12
3177,79
3178,73
3179,31
3180,77
3181,84
3182,32
3183,15
3184,55
3185,18
3186,67
3187,26
3188,63
3189,84
3190,62
3191,70
3192,83
3193,70
3194,50
3195,11
3196,31
3197,89
3198,39
3199,47
3200,44
3201,78
3202,22
3203,79
3204,56
3205,55
3206,98
3207,64
3208,31
3209,85
3210,47
3211,98
3212,55
3213,25
3214,13
3215,23
3216,41
3217,33
3218,49
3219,11
3220,31
3221,98
3222,36
3223,73
3224,63
3225,17
3226,64
3227,71
3228,66
3229,64
3230,92
3231,2
3232,46
3233,20
3234,99
3235,95
3236,73
3237,53
3238,4
3239,85
3240,67
3241,17
3242,21
3243,36
3244,81
3245,11
3246,86
3247,12
3248,8
3249,67
3250,17
3251,49
3252,49
3253,31
3254,4
3255,60
3256,51
3257,82
3258,96
3259,70
3260,67
3261,99
3262,88
3263,68
3264,1
3265,39
3266,65
3267,66
3268,63
3269,30
3270,83
3271,60
3272,64
3273,33
3274,18
3275,29
3276,2
3277,97
3278,22
3279,22
3280,96
3281,33
3282,30
3283,26
3284,40
3285,76
3286,68
3287,18
3288,85
3289,19
3290,79
3291,44
3292,91
3293,17
3294,75
3295,12
3296,58
3297,92
3298,84
3299,1
3300,24
3301,52
3302,39
3303,86
3304,69
3305,97
3306,64
3307,21
3308,43
3309,78
3310,73
3311,15
3312,15
3313,74
3314,23
3315,97
3316,89
3317,36
3318,96
3319,75
3320,61
3321,93
3322,16
3323,47
3324,95
3325,76
3326,19
3327,61
3328,5
3329,20
3330,46
3331,32
3332,1
3333,65
3334,33
3335,37
3336,52
3337,76
3338,68
3339,15
3340,38
3341,56
3342,93
3343,74
3344,20
3345,48
3346,95
3347,6
3348,54
3349,31
3350,19
3351,58
3352,3
3353,45
3354,46
3355,41
3356,56
3357,38
3358,26
3359,71
3360,84
3361,28
3362,32
3363,46
3364,35
3365,4
3366,36
3367,80
3368,14
3369,39
3370,62
3371,43
3372,22
3373,59
3374,90
3375,32
3376,35
3377,52
3378,17
3379,85
3380,12
3381,91
3382,53
3383,87
3384,84
3385,62
3386,74
3387,70
3388,1
3389,55
3390,98
3391,12
3392,5
3393,27
3394,18
3395,46
3396,75
3397,22
3398,90
3399,66
3400,96
3401,14
3402,46
3403,89
3404,77
3405,51
3406,36
3407,52
3408,99
3409,42
3410,19
3411,19
3412,74
3413,92
3414,7
3415,46
3416,59
3417,90
3418,82
3419,24
3420,30
3421,4
3422,33
3423,68
3424,76
3425,60
3426,61
3427,5
3428,95
3429,93
3430,76
3431,69
3432,24
3433,46
3434,88
3435,24
3436,49
3437,41
3438,18
3439,56
3440,34
3441,57
3442,58
3443,31
3444,36
3445,63
3446,44
3447,62
3448,60
3449,96
3450,54
3451,63
3452,4
3453,86
3454,92
3455,22
3456,42
3457,50
3458,63
3459,40
3460,24
3461,71
3462,88
3463,60
3464,87
3465,49
3466,27
3467,19
3468,91
3469,69
3470,44
3471,55
3472,17
3473,88
3474,56
3475,76
3476,32
3477,1
3478,96
3479,9
3480,30
3481,77
3482,64
3483,57
3484,76
3485,65
3486,13
3487,70
3488,20
3489,5
3490,59
3491,77
3492,82
3493,81
3494,74
3495,40
3496,64
3497,17
3498,96
3499,53
3500,24
3501,33
3502,87
3503,98
3504,89
3505,10
3506,17
3507,51
3508,97
3509,54
3510,32
3511,86
3512,63
3513,57
3514,9
3515,76
3516,10
3517,52
3518,19
3519,45
3520,44
3521,62
3522,1
3523,27
3524,76
3525,59
3526,43
3527,34
3528,27
3529,37
3530,90
3531,34
3532,32
3533,88
3534,27
3535,83
3536,28
3537,9
3538,77
3539,39
3540,38
3541,79
3542,15
3543,72
3544,66
3545,71
3546,41
3547,50
3548,15
3549,1
3550,55
3551,69
3552,89
3553,60
3554,81
3555,34
3556,93
3557,39
3558,43
3559,57
3560,14
3561,97
3562,68
3563,49
3564,38
3565,40
3566,53
3567,4
3568,46
3569,42
3570,56
3571,4
3572,14
3573,69
3574,80
3575,1
3576,63
3577,86
3578,45
3579,50
3580,86
3581,87
3582,26
3583,14
3584,24
3585,16
3586,66
3587,96
3588,22
3589,32
3590,92
3591,75
3592,29
3593,38
3594,97
3595,65
3596,5
3597,24
3598,18
3599,70
3600,34
3601,86
3602,91
3603,93
3604,33
3605,61
3606,78
3607,64
3608,52
3609,94
3610,47
3611,33
3612,33
3613,31
3614,53
3615,57
3616,44
3617,42
3618,13
3619,82
3620,30
3621,83
3622,68
3623,22
3624,24
3625,79
3626,96
3627,77
3628,29
3629,4
3630,91
3631,86
3632,5
3633,96
3634,34
3635,63
3636,80
3637,70
3638,41
3639,55
3640,51
3641,48
3642,16
3643,14
3644,86
3645,14
3646,29
3647,90
3648,10
3649,66
3650,96
3651,9
3652,22
3653,10
3654,89
3655,9
3656,17
3657,97
3658,52
3659,29
3660,89
3661,80
3662,43
3663,8
3664,66
3665,89
3666,26
3667,34
3668,95
3669,39
3670,24
3671,50
3672,62
3673,43
3674,33
3675,36
3676,43
3677,19
3678,54
3679,39
3680,26
3681,95
3682,87
3683,20
3684,37
3685,17
3686,61
3687,37
3688,84
3689,63
3690,71
3691,85
3692,96
3693,54
3694,96
3695,46
3696,55
3697,42
3698,98
3699,62
3700,74
3701,6
3702,2
3703,57
3704,35
3705,38
3706,84
3707,40
3708,13
3709,7
3710,47
3711,23
3712,11
3713,6
3714,81
3715,56
3716,65
3717,84
3718,18
3719,42
3720,55
3721,67
3722,76
3723,50
3724,30
3725,74
3726,34
3727,4
3728,8
3729,91
3730,1
3731,76
3732,56
3733,40
3734,13
3735,14
3736,99
3737,92
3738,74
3739,51
3740,34
3741,86
3742,10
3743,1
3744,22
3745,49
3746,3
3747,75
3748,1
3749,13
3750,58
3751,29
3752,62
3753,85
3754,14
3755,65
3756,59
3757,58
3758,50
3759,82
3760,67
3761,13
3762,74
3763,1
3764,73
3765,81
3766,52
3767,49
3768,90
3769,32
3770,21
3771,34
3772,40
3773,39
3774,44
3775,54
3776,95
3777,96
3778,60
3779,84
3780,71
3781,43
3782,62
3783,47
3784,88
3785,56
3786,99
3787,52
3788,86
3789,37
3790,7
3791,75
3792,96
3793,92
3794,52
3795,74
3796,84
3797,86
3798,33
3799,13
3800,93
3801,52
3802,5
3803,15
3804,90
3805,55
3806,29
3807,65
3808,39
3809,83
3810,45
3811,45
3812,39
3813,4
3814,53
3815,50
3816,93
3817,50
3818,72
3819,68
3820,57
3821,79
3822,50
3823,73
3824,24
3825,20
3826,7
3827,60
3828,76
3829,28
3830,69
3831,72
3832,56
3833,76
3834,6
3835,29
3836,38
3837,73
3838,66
3839,3
3840,47
3841,54
3842,32
3843,91
3844,59
3845,27
3846,67
3847,79
3848,31
3849,48
3850,54
3851,88
3852,66
3853,44
3854,44
3855,83
3856,21
3857,69
3858,38
3859,32
3860,31
3861,15
3862,79
3863,52
3864,39
3865,49
3866,4
3867,19
3868,4
3869,67
3870,24
3871,13
3872,51
3873,43
3874,83
3875,47
3876,54
3877,20
3878,72
3879,27
3880,19
3881,37
3882,74
3883,92
3884,27
3885,24
3886,11
3887,46
3888,59
3889,43
3890,53
3891,85
3892,13
3893,81
3894,10
3895,51
3896,62
3897,3
3898,22
3899,32
3900,70
3901,94
3902,1
3903,84
3904,82
3905,18
3906,77
3907,48
3908,92
3909,97
3910,20
3911,27
3912,67
3913,57
3914,24
3915,61
3916,3
3917,85
3918,28
3919,62
3920,39
3921,27
3922,87
3923,78
3924,4
3925,2
3926,17
3927,89
3928,92
3929,69
3930,18
3931,74
3932,27
3933,5
3934,12
3935,26
3936,46
3937,2
3938,14
3939,75
3940,66
3941,75
3942,60
3943,8
3944,8
3945,80
3946,12
3947,41
3948,94
3949,42
3950,90
3951,98
3952,93
3953,34
3954,19
3955,38
3956,94
3957,51
3958,58
3959,88
3960,64
3961,82
3962,12
3963,77
3964,97
3965,85
3966,88
3967,7
3968,83
3969,59
3970,55
3971,64
3972,41
3973,61
3974,59
3975,82
3976,30
3977,49
3978,50
3979,43
3980,89
3981,82
3982,78
3983,91
3984,47
3985,50
3986,43
3987,93
3988,78
3989,33
3990,9
3991,16
3992,96
3993,18
3994,26
3995,78
3996,49
3997,87
3998,43
3999,76
4000,15
4001,21
4002,56
4003,9
4004,57
4005,78
4006,74
4007,16
4008,30
4009,54
4010,31
4011,14
4012,29
4013,46
4014,93
4015,54
4016,66
4017,98
4018,2
4019,19
4020,69
4021,98
4022,1
4023,91
4024,83
4025,80
4026,3
4027,10
4028,90
4029,24
4030,95
4031,98
4032,96
4033,13
4034,26
4035,75
4036,8
4037,65
4038,77
4039,46
4040,2
4041,14
4042,39
4043,13
4044,83
4045,25
4046,61
4047,71
4048,43
4049,1
4050,17
4051,71
4052,21
4053,38
4054,58
4055,24
4056,43
4057,24
4058,37
4059,78
4060,65
4061,30
4062,36
4063,80
4064,9
4065,4
4066,54
4067,35
4068,17
4069,15
4070,50
4071,82
4072,38
4073,77
4074,52
4075,62
4076,77
4077,49
4078,84
4079,33
4080,78
4081,58
4082,70
4083,41
4084,65
4085,57
4086,55
4087,66
4088,46
4089,81
4090,89
4091,91
4092,51
4093,21
4094,88
4095,74
4096,71
4097,30
4098,95
4099,62
4100,40
4101,19
4102,22
4103,3
4104,57
4105,45
4106,84
4107,74
4108,74
4109,42
4110,59
4111,99
4112,45
4113,7
4114,84
4115,27
4116,16
4117,81
4118,90
4119,70
4120,5
4121,55
4122,23
4123,88
4124,17
4125,43
4126,21
4127,19
4128,1
4129,47
4130,45
4131,79
4132,6
4133,42
4134,14
4135,41
4136,77
4137,57
4138,73
4139,44
4140,21
4141,22
4142,75
4143,21
4144,47
4145,39
4146,74
4147,72
4148,73
4149,25
4150,65
4151,82
4152,40
4153,90
4154,71
4155,34
4156,43
4157,65
4158,58
4159,30
4160,30
4161,29
4162,62
4163,76
4164,25
4165,73
4166,82
4167,85
4168,68
4169,3
4170,13
4171,17
4172,84
4173,35
4174,62
4175,60
4176,45
4177,23
4178,48
4179,92
4180,53
4181,85
4182,54
4183,94
4184,44
4185,59
4186,32
4187,11
4188,83
4189,66
4190,54
4191,6
4192,54
4193,42
4194,70
4195,96
4196,79
4197,49
4198,19
4199,97
4200,89
4201,59
4202,76
4203,18
4204,79
4205,3
4206,30
4207,16
4208,94
4209,31
4210,2
4211,46
4212,93
4213,95
4214,70
4215,7
4216,47
4217,24
4218,70
4219,13
4220,1
4221,97
4222,28
4223,18
4224,85
4225,25
4226,4
4227,94
4228,78
4229,75
4230,86
4231,32
4232,11
4233,4
4234,91
4235,74
4236,31
4237,1
4238,78
4239,31
4240,63
4241,77
4242,6
4243,96
4244,81
4245,10
4246,89
4247,3
4248,28
4249,12
4250,70
4251,92
4252,96
4253,73
4254,93
4255,69
4256,67
4257,6
4258,53
4259,85
4260,37
4261,96
4262,11
4263,54
4264,13
4265,37
4266,56
4267,50
4268,38
4269,18
4270,6
4271,52
4272,84
4273,46
4274,17
4275,53
4276,3
4277,59
4278,33
4279,60
4280,94
4281,35
4282,10
4283,76
4284,36
4285,66
4286,94
4287,67
4288,66
4289,27
4290,42
4291,20
4292,30
4293,97
4294,36
4295,72
4296,43
4297,20
4298,73
4299,82
4300,29
4301,13
4302,53
4303,88
4304,55
4305,65
4306,25
4307,23
4308,9
4309,40
4310,91
4311,39
4312,31
4313,47
4314,66
4315,25
4316,73
4317,65
4318,91
4319,47
4320,23
4321,63
4322,30
4323,80
4324,45
4325,2
4326,21
4327,53
4328,89
4329,60
4330,56
4331,49
4332,15
4333,21
4334,38
4335,55
4336,91
4337,38
4338,62
4339,14
4340,85
4341,74
4342,53
4343,64
4344,26
4345,23
4346,76
4347,50
4348,14
4349,15
4350,30
4351,89
4352,47
4353,22
4354,81
4355,85
4356,40
4357,83
4358,5
4359,49
4360,22
4361,53
4362,72
4363,70
4364,98
4365,44
4366,62
4367,29
4368,57
4369,73
4370,34
4371,87
4372,93
4373,58
4374,92
4375,29
4376,84
4377,93
4378,58
4379,70
4380,85
4381,6
4382,70
4383,92
4384,18
4385,35
4386,3
4387,50
4388,51
4389,83
4390,10
4391,37
4392,71
4393,6
4394,26
4395,80
4396,7
4397,65
4398,57
4399,35
4400,87
4401,34
4402,26
4403,93
4404,9
4405,63
4406,35
4407,69
4408,46
4409,45
4410,24
4411,63
4412,41
4413,9
4414,68
4415,40
4416,84
4417,5
4418,25
4419,66
4420,79
4421,50
4422,66
4423,61
4424,8
4425,69
4426,90
4427,72
4428,46
4429,34
4430,92
4431,20
4432,5
4433,17
4434,30
4435,71
4436,97
4437,47
4438,30
4439,53
4440,11
4441,10
4442,62
4443,42
4444,62
4445,14
4446,12
4447,38
4448,61
4449,2
4450,42
4451,96
4452,37
4453,6
4454,98
4455,38
4456,27
4457,27
4458,71
4459,92
4460,91
4461,40
4462,89
4463,97
4464,80
4465,37
4466,89
4467,93
4468,15
4469,12
4470,81
4471,67
4472,65
4473,10
4474,87
4475,95
4476,50
4477,12
4478,91
4479,54
4480,86
4481,59
4482,71
4483,82
4484,70
4485,69
4486,11
4487,91
4488,72
4489,70
4490,60
4491,25
4492,50
4493,4
4494,16
4495,67
4496,49
4497,62
4498,20
4499,30
4500,85
4501,47
4502,66
4503,67
4504,75
4505,75
4506,72
4507,84
4508,7
4509,20
4510,44
4511,30
4512,50
4513,25
4514,82
4515,90
4516,17
4517,48
4518,96
4519,72
4520,14
4521,2
4522,81
4523,41
4524,40
4525,10
4526,2
4527,60
4528,81
4529,83
4530,56
4531,46
4532,74
4533,32
4534,66
4535,57
4536,51
4537,42
4538,69
4539,71
4540,39
4541,32
4542,34
4543,37
4544,65
4545,46
4546,57
4547,69
4548,89
4549,38
4550,86
4551,39
4552,33
4553,38
4554,57
4555,75
4556,34
4557,61
4558,74
4559,18
4560,39
4561,30
4562,56
4563,91
4564,34
4565,79
4566,98
4567,97
4568,71
4569,97
4570,26
4571,13
4572,87
4573,61
4574,7
4575,14
4576,90
4577,64
4578,12
4579,55
4580,53
4581,21
4582,39
4583,51
4584,58
4585,11
4586,2
4587,96
4588,3
4589,69
4590,56
4591,64
4592,94
4593,96
4594,51
4595,26
4596,81
4597,51
4598,50
4599,73
4600,68
4601,6
4602,31
4603,4
4604,81
4605,52
4606,52
4607,32
4608,64
4609,58
4610,22
4611,24
4612,28
4613,58
4614,64
4615,4
4616,6
4617,54
4618,98
4619,79
4620,63
4621,50
4622,38
4623,57
4624,87
4625,41
4626,89
4627,56
4628,46
4629,69
4630,85
4631,58
4632,21
4633,79
4634,17
4635,34
4636,6
4637,65
4638,88
4639,1
4640,72
4641,81
4642,62
4643,17
4644,66
4645,7
4646,88
4647,75
4648,35
4649,76
4650,86
4651,89
4652,31
4653,38
4654,93
4655,9
4656,99
4657,8
4658,65
4659,88
4660,29
4661,2
4662,93
4663,40
4664,51
4665,19
4666,90
4667,66
4668,99
4669,78
4670,3
4671,2
4672,82
4673,41
4674,22
4675,71
4676,47
4677,6
4678,31
4679,66
4680,56
4681,93
4682,62
4683,45
4684,32
4685,59
4686,84
4687,78
4688,5
4689,74
4690,7
4691,96
4692,81
4693,24
4694,6
4695,97
4696,65
4697,80
4698,55
4699,68
4700,63
4701,39
4702,93
4703,53
4704,87
4705,36
4706,87
4707,78
4708,5
4709,29
4710,63
4711,70
4712,61
4713,82
4714,15
4715,68
4716,41
4717,54
4718,77
4719,77
4720,27
4721,15
4722,68
4723,78
4724,15
4725,98
4726,13
4727,75
4728,46
4729,70
4730,13
4731,4
4732,31
4733,67
4734,9
4735,69
4736,4
4737,3
4738,21
4739,36
4740,31
4741,10
4742,67
4743,73
4744,21
4745,90
4746,41
4747,90
4748,38
4749,14
4750,7
4751,6
4752,73
4753,78
4754,58
4755,19
4756,50
4757,19
4758,89
4759,85
4760,50
4761,58
4762,32
4763,97
4764,79
4765,36
4766,4
4767,50
4768,66
4769,96
4770,4
4771,77
4772,44
4773,82
4774,58
4775,89
4776,86
4777,63
4778,18
4779,5
4780,88
4781,17
4782,95
4783,38
4784,69
4785,78
4786,10
4787,31
4788,23
4789,24
4790,39
4791,16
4792,89
4793,31
4794,74
4795,96
4796,10
4797,1
4798,77
4799,66
4800,60
4801,26
4802,96
4803,66
4804,16
4805,48
4806,25
4807,86
4808,65
4809,1
4810,29
4811,50
4812,50
4813,82
4814,12
4815,52
4816,37
4817,39
4818,28
4819,69
4820,97
4821,91
4822,16
4823,49
4824,48
4825,25
4826,44
4827,2
4828,47
4829,9
4830,52
4831,88
4832,84
4833,54
4834,55
4835,87
4836,78
4837,26
4838,10
4839,50
4840,66
4841,3
4842,97
4843,14
4844,33
4845,24
4846,6
4847,74
4848,90
4849,76
4850,39
4851,65
4852,8
4853,62
4854,37
4855,31
4856,3
4857,60
4858,19
4859,55
4860,49
4861,38
4862,46
4863,45
4864,77
4865,71
4866,29
4867,95
4868,20
4869,38
4870,9
4871,78
4872,35
4873,89
4874,28
4875,9
4876,94
4877,27
4878,73
4879,51
4880,1
4881,8
4882,98
4883,73
4884,73
4885,83
4886,66
4887,62
4888,72
4889,92
4890,51
4891,93
4892,99
4893,84
4894,72
4895,62
4896,6
4897,73
4898,38
4899,84
4900,36
4901,98
4902,12
4903,18
4904,11
4905,1
4906,63
4907,45
4908,78
4909,59
4910,13
4911,30
4912,90
4913,50
4914,44
4915,47
4916,34
4917,41
4918,35
4919,99
4920,15
4921,17
4922,45
4923,36
4924,67
4925,56
4926,14
4927,83
4928,73
4929,58
4930,24
4931,75
4932,24
4933,29
4934,88
4935,54
4936,85
4937,83
4938,15
4939,49
4940,63
4941,89
4942,99
4943,31
4944,35
4945,70
4946,64
4947,60
4948,69
4949,51
4950,44
4951,95
4952,81
4953,36
4954,96
4955,96
4956,82
4957,49
4958,90
4959,65
4960,44
4961,39
4962,40
4963,1
4964,27
4965,64
4966,36
4967,93
4968,80
4969,61
4970,76
4971,61
4972,88
4973,56
4974,10
4975,31
4976,22
4977,14
4978,54
4979,66
4980,84
4981,23
4982,43
4983,6
4984,53
4985,50
4986,74
4987,96
4988,55
4989,93
4990,83
4991,51
4992,21
4993,40
4994,45
4995,11
4996,88
4997,32
4998,66
4999,62
5000,87
5001,56
5002,84
5003,30
5004,46
5005,17
5006,45
5007,50
5008,96
5009,97
5010,14
5011,64
5012,44
5013,9
5014,54
5015,20
5016,36
5017,57
5018,67
5019,76
5020,33
5021,1
5022,87
5023,34
5024,53
5025,19
5026,88
5027,14
5028,85
5029,7
5030,61
5031,45
5032,35
5033,10
5034,99
5035,84
5036,55
5037,8
5038,27
5039,10
5040,22
5041,35
5042,80
5043,26
5044,7
5045,38
5046,17
5047,59
5048,5
5049,13
5050,77
5051,44
5052,94
5053,29
5054,3
5055,42
5056,90
5057,86
5058,60
5059,70
5060,90
5061,10
5062,90
5063,94
5064,21
5065,45
5066,24
5067,14
5068,91
5069,15
5070,83
5071,75
5072,96
5073,12
5074,38
5075,1
5076,17
5077,56
5078,74
5079,45
5080,89
5081,42
5082,17
5083,29
5084,34
5085,61
5086,99
5087,38
5088,82
5089,63
5090,63
5091,68
5092,5
5093,92
5094,48
5095,85
5096,10
5097,79
5098,23
5099,78
5100,44
5101,42
5102,55
5103,38
5104,99
5105,75
5106,93
5107,91
5108,48
5109,49
5110,31
5111,25
5112,7
5113,28
5114,17
5115,98
5116,62
5117,40
5118,71
5119,88
5120,31
5121,77
5122,38
5123,62
5124,80
5125,19
5126,29
5127,95
5128,19
5129,56
5130,97
5131,82
5132,95
5133,29
5134,27
5135,22
5136,61
5137,20
5138,72
5139,31
5140,54
5141,32
5142,36
5143,66
5144,52
5145,70
5146,16
5147,79
5148,43
5149,71
5150,67
5151,66
5152,83
5153,36
5154,58
5155,72
5156,81
5157,22
5158,99
5159,25
5160,73
5161,50
5162,42
5163,33
5164,73
5165,92
5166,12
5167,55
5168,33
5169,35
5170,66
5171,26
5172,58
5173,78
5174,57
5175,56
5176,59
5177,41
5178,16
5179,23
5180,6
5181,82
5182,43
5183,76
5184,94
5185,35
5186,96
5187,72
5188,41
5189,66
5190,72
5191,94
5192,8
5193,16
5194,77
5195,83
5196,39
5197,20
5198,69
5199,73
5200,83
5201,82
5202,12
5203,25
5204,25
5205,6
5206,85
5207,56
5208,27
5209,70
5210,80
5211,49
5212,69
5213,54
5214,22
5215,11
5216,7
5217,91
5218,59
5219,40
5220,50
5221,70
5222,38
5223,99
5224,39
5225,50
5226,27
5227,76
5228,22
5229,12
5230,2
5231,59
5232,1
5233,3
5234,74
5235,19
5236,56
5237,76
5238,87
5239,23
5240,4
5241,6
5242,14
5243,14
5244,32
5245,4
5246,83
5247,96
5248,29
5249,95
5250,86
5251,50
5252,20
5253,98
5254,77
5255,63
5256,77
5257,34
5258,88
5259,33
5260,25
5261,26
5262,4
5263,37
5264,43
5265,23
5266,58
5267,70
5268,56
5269,40
5270,4
5271,39
5272,77
5273,44
5274,42
5275,73
5276,76
5277,5
5278,46
5279,21
5280,91
5281,61
5282,74
5283,57
5284,43
5285,57
5286,55
5287,93
5288,19
5289,64
5290,84
5291,18
5292,21
5293,61
5294,1
5295,75
5296,66
5297,84
5298,45
5299,41
5300,38
5301,74
5302,92
5303,23
5304,17
5305,46
5306,86
5307,7
5308,11
5309,2
5310,51
5311,74
5312,9
5313,79
5314,82
5315,97
5316,58
5317,15
5318,78
5319,30
5320,78
5321,7
5322,46
5323,21
5324,69
5325,21
5326,82
5327,52
5328,80
5329,20
5330,59
5331,60
5332,1
5333,2
5334,39
5335,86
5336,94
5337,75
5338,4
5339,89
5340,75
5341,61
5342,59
5343,27
5344,69
5345,50
5346,56
5347,47
5348,44
5349,86
5350,78
5351,79
5352,34
5353,72
5354,32
5355,29
5356,82
5357,6
5358,19
5359,21
5360,86
5361,73
5362,27
5363,37
5364,69
5365,85
5366,16
5367,25
5368,18
5369,40
5370,22
5371,16
5372,67
5373,41
5374,39
5375,2
5376,72
5377,69
5378,94
5379,39
5380,1
5381,67
5382,57
5383,93
5384,54
5385,75
5386,43
5387,65
5388,25
5389,81
5390,56
5391,9
5392,36
5393,54
5394,30
5395,1
5396,15
5397,94
5398,43
5399,13
5400,54
5401,87
5402,74
5403,8
5404,62
5405,29
5406,56
5407,65
5408,27
5409,70
5410,99
5411,81
5412,84
5413,65
5414,70
5415,76
5416,72
5417,31
5418,60
5419,45
5420,41
5421,95
5422,67
5423,6
5424,7
5425,27
5426,4
5427,93
5428,3
5429,70
5430,88
5431,28
5432,78
5433,36
5434,24
5435,76
5436,13
5437,20
5438,98
5439,60
5440,50
5441,59
5442,94
5443,45
5444,45
5445,20
5446,96
5447,35
5448,81
5449,74
5450,71
5451,47
5452,79
5453,90
5454,7
5455,43
5456,60
5457,85
5458,44
5459,97
5460,18
5461,86
5462,39
5463,81
5464,89
5465,65
5466,56
5467,65
5468,55
5469,46
5470,75
5471,87
5472,1
5473,77
5474,5
5475,61
5476,11
5477,83
5478,55
5479,64
5480,96
5481,10
5482,95
5483,88
5484,45
5485,74
5486,67
5487,28
5488,77
5489,47
5490,22
5491,54
5492,65
5493,15
5494,63
5495,32
5496,10
5497,14
5498,80
5499,1
5500,18
5501,84
5502,21
5503,97
5504,97
5505,50
5506,98
5507,50
5508,40
5509,79
5510,57
5511,31
5512,55
5513,58
5514,92
5515,70
5516,38
5517,16
5518,28
5519,33
5520,39
5521,46
5522,38
5523,89
5524,62
5525,37
5526,33
5527,9
5528,15
5529,14
5530,9
5531,39
5532,51
5533,7
5534,62
5535,39
5536,57
5537,26
5538,76
5539,10
5540,68
5541,24
5542,88
5543,58
5544,84
5545,61
5546,75
5547,56
5548,9
5549,95
5550,74
5551,61
5552,90
5553,22
5554,90
5555,11
5556,26
5557,89
5558,90
5559,86
5560,98
5561,21
5562,70
5563,73
5564,36
5565,13
5566,4
5567,83
5568,22
5569,61
5570,14
5571,89
5572,5
5573,28
5574,93
5575,75
5576,43
5577,31
5578,64
5579,39
5580,98
5581,35
5582,40
5583,11
5584,1
5585,75
5586,48
5587,42
5588,11
5589,37
5590,13
5591,29
5592,89
5593,44
5594,50
5595,51
5596,81
5597,99
5598,10
5599,24
5600,31
5601,43
5602,31
5603,34
5604,75
5605,93
5606,34
5607,53
5608,12
5609,27
5610,47
5611,1
5612,76
5613,96
5614,79
5615,6
5616,31
5617,28
5618,13
5619,48
5620,81
5621,70
5622,2
5623,9
5624,11
5625,60
5626,82
5627,42
5628,21
5629,97
5630,31
5631,72
5632,32
5633,84
5634,90
5635,1
5636,40
5637,79
5638,78
5639,58
5640,19
5641,39
5642,77
5643,80
5644,3
5645,61
5646,51
5647,1
5648,97
5649,41
5650,76
5651,34
5652,91
5653,39
5654,64
5655,92
5656,21
5657,1
5658,51
5659,95
5660,32
5661,46
5662,15
5663,39
5664,20
5665,76
5666,1
5667,54
5668,16
5669,35
5670,41
5671,37
5672,28
5673,63
5674,30
5675,39
5676,58
5677,80
5678,49
5679,73
5680,35
5681,80
5682,73
5683,44
5684,5
5685,41
5686,61
5687,26
5688,76
5689,42
5690,73
5691,45
5692,11
5693,29
5694,80
5695,88
5696,11
5697,72
5698,75
5699,6
5700,83
5701,21
5702,71
5703,24
5704,27
5705,25
5706,26
5707,18
5708,54
5709,31
5710,26
5711,94
5712,95
5713,40
5714,87
5715,91
5716,68
5717,63
5718,15
5719,72
5720,29
5721,1
5722,37
5723,99
5724,49
5725,1
5726,86
5727,53
5728,99
5729,66
5730,2
5731,85
5732,74
5733,98
5734,13
5735,26
5736,10
5737,45
5738,72
5739,24
5740,19
5741,69
5742,51
5743,14
5744,98
5745,4
5746,33
5747,76
5748,54
5749,16
5750,2
5751,78
5752,31
5753,51
5754,53
5755,84
5756,22
5757,70
5758,78
5759,54
5760,76
5761,77
5762,57
5763,57
5764,14
5765,17
5766,74
5767,23
5768,21
5769,85
5770,10
5771,14
5772,66
5773,47
5774,66
5775,24
5776,43
5777,77
5778,39
5779,19
5780,84
5781,22
5782,39
5783,93
5784,17
5785,64
5786,16
5787,28
5788,38
5789,25
5790,70
5791,9
5792,78
5793,60
5794,89
5795,5
5796,43
5797,88
5798,25
5799,48
5800,52
5801,52
5802,22
5803,12
5804,47
5805,73
5806,75
5807,27
5808,39
5809,93
5810,57
5811,78
5812,90
5813,61
5814,80
5815,91
5816,8
5817,29
5818,45
5819,11
5820,96
5821,30
5822,40
5823,79
5824,25
5825,58
5826,3
5827,11
5828,97
5829,81
5830,61
5831,40
5832,66
5833,36
5834,94
5835,15
5836,59
5837,31
5838,68
5839,94
5840,25
5841,74
5842,85
5843,62
5844,94
5845,87
5846,49
5847,57
5848,4
5849,23
5850,16
5851,5
5852,74
5853,34
5854,92
5855,42
5856,36
5857,76
5858,66
5859,4
5860,84
5861,8
5862,47
5863,34
5864,30
5865,64
5866,79
5867,60
5868,52
5869,93
5870,64
5871,7
5872,20
5873,18
5874,84
5875,38
5876,85
5877,38
5878,68
5879,93
5880,25
5881,42
5882,77
5883,47
5884,9
5885,45
5886,26
5887,82
5888,49
5889,34
5890,13
5891,23
5892,93
5893,18
5894,89
5895,86
5896,72
5897,16
5898,97
5899,47
5900,70
5901,89
5902,73
5903,1
5904,56
5905,9
5906,64
5907,16
5908,28
5909,89
5910,23
5911,86
5912,14
5913,60
5914,13
5915,11
5916,26
5917,55
5918,65
5919,71
5920,59
5921,52
5922,84
5923,71
5924,57
5925,24
5926,20
5927,97
5928,20
5929,7
5930,53
5931,1
5932,17
5933,72
5934,65
5935,89
5936,34
5937,10
5938,64
5939,23
5940,28
5941,36
5942,3
5943,21
5944,15
5945,57
5946,89
5947,35
5948,78
5949,77
5950,13
5951,87
5952,30
5953,22
5954,47
5955,85
5956,83
5957,47
5958,92
5959,66
5960,5
5961,1
5962,80
5963,62
5964,22
5965,42
5966,41
5967,97
5968,39
5969,92
5970,22
5971,17
5972,39
5973,92
5974,67
5975,56
5976,76
5977,61
5978,44
5979,39
5980,80
5981,16
5982,63
5983,68
5984,29
5985,70
5986,63
5987,89
5988,84
5989,76
5990,44
5991,60
5992,48
5993,44
5994,58
5995,21
5996,32
5997,93
5998,61
5999,44
6000,7
6001,44
6002,93
6003,60
6004,90
6005,88
6006,20
6007,62
6008,4
6009,67
6010,62
6011,11
6012,62
6013,41
6014,25
6015,88
6016,15
6017,6
6018,56
6019,33
6020,13
6021,87
6022,72
6023,98
6024,67
6025,68
6026,56
6027,71
6028,46
6029,78
6030,20
6031,95
6032,2
6033,94
6034,70
6035,36
6036,11
6037,68
6038,14
6039,50
6040,39
6041,32
6042,86
6043,47
6044,72
6045,23
6046,69
6047,8
6048,83
6049,66
6050,48
6051,25
6052,35
6053,10
6054,38
6055,14
6056,23
6057,18
6058,2
6059,40
6060,73
6061,73
6062,70
6063,6
6064,5
6065,49
6066,99
6067,10
6068,12
6069,3
6070,82
6071,44
6072,59
6073,5
6074,21
6075,67
6076,95
6077,35
6078,85
6079,6
6080,90
6081,75
6082,51
6083,19
6084,78
6085,62
6086,8
6087,17
6088,43
6089,6
6090,50
6091,17
6092,74
6093,1
6094,65
6095,68
6096,63
6097,80
6098,41
6099,15
6100,72
6101,48
6102,24
6103,33
6104,31
6105,48
6106,47
6107,78
6108,76
6109,83
6110,68
6111,21
6112,52
6113,81
6114,42
6115,72
6116,7
6117,80
6118,90
6119,60
6120,83
6121,46
6122,9
6123,69
6124,71
6125,32
6126,78
6127,36
6128,64
6129,98
6130,16
6131,96
6132,82
6133,89
6134,25
6135,12
6136,19
6137,78
6138,64
6139,81
6140,14
6141,22
6142,58
6143,6
6144,26
6145,23
6146,75
6147,65
6148,62
6149,62
6150,65
6151,44
6152,8
6153,36
6154,75
6155,19
6156,82
6157,98
6158,96
6159,51
6160,27
6161,70
6162,39
6163,77
6164,50
6165,99
6166,71
6167,24
6168,31
6169,6
6170,36
6171,91
6172,22
6173,66
6174,74
6175,73
6176,18
6177,50
6178,22
6179,3
6180,43
6181,91
6182,2
6183,72
6184,28
6185,17
6186,41
6187,94
6188,99
6189,25
6190,66
6191,19
6192,77
6193,64
6194,96
6195,75
6196,68
6197,82
6198,70
6199,25
6200,61
6201,49
6202,1
6203,83
6204,23
6205,9
6206,81
6207,55
6208,69
6209,19
6210,80
6211,44
6212,84
6213,62
6214,44
6215,59
6216,52
6217,49
6218,14
6219,91
6220,34
6221,25
6222,71
6223,91
6224,67
6225,34
6226,95
6227,9
6228,39
6229,32
6230,75
6231,8
6232,23
6233,11
6234,87
6235,33
6236,11
6237,10
6238,42
6239,5
6240,26
6241,62
6242,66
6243,42
6244,36
6245,60
6246,33
6247,20
6248,87
6249,15
6250,80
6251,19
6252,46
6253,18
6254,3
6255,72
6256,28
6257,42
6258,84
6259,71
6260,23
6261,83
6262,47
6263,13
6264,26
6265,84
6266,23
6267,47
6268,64
6269,2
6270,96
6271,98
6272,70
6273,48
6274,85
6275,39
6276,74
6277,29
6278,79
6279,9
6280,98
6281,74
6282,27
6283,23
6284,98
6285,11
6286,4
6287,24
6288,83
6289,33
6290,87
6291,14
6292,83
6293,43
6294,47
6295,48
6296,71
6297,24
6298,62
6299,6
6300,96
6301,25
6302,64
6303,19
6304,57
6305,51
6306,45
6307,10
6308,23
6309,17
6310,98
6311,75
6312,7
6313,34
6314,76
6315,97
6316,35
6317,84
6318,68
6319,55
6320,48
6321,59
6322,26
6323,65
6324,7
6325,22
6326,16
6327,32
6328,28
6329,56
6330,99
6331,28
6332,81
6333,44
6334,14
6335,93
6336,37
6337,51
6338,10
6339,26
6340,39
6341,49
6342,18
6343,42
6344,84
6345,8
6346,11
6347,5
6348,49
6349,95
6350,42
6351,82
6352,7
6353,35
6354,85
6355,47
6356,68
6357,38
6358,36
6359,30
6360,27
6361,15
6362,77
6363,78
6364,80
6365,55
6366,45
6367,48
6368,47
6369,15
6370,56
6371,8
6372,83
6373,7
6374,41
6375,34
6376,9
6377,20
6378,31
6379,94
6380,66
6381,33
6382,64
6383,62
6384,52
6385,37
6386,86
6387,28
6388,77
6389,10
6390,49
6391,20
6392,15
6393,71
6394,37
6395,64
6396,58
6397,76
6398,80
6399,7
6400,16
6401,71
6402,89
6403,46
6404,18
6405,1
6406,2
6407,72
6408,94
6409,92
6410,51
6411,78
6412,69
6413,15
6414,16
6415,15
6416,51
6417,39
6418,26
6419,11
6420,19
6421,17
6422,12
6423,95
6424,1
6425,47
6426,40
6427,44
6428,47
6429,37
6430,33
6431,4
6432,47
6433,75
6434,70
6435,47
6436,78
6437,35
6438,49
6439,25
6440,57
6441,49
6442,35
6443,18
6444,71
6445,51
6446,76
6447,35
6448,43
6449,84
6450,90
6451,96
6452,43
6453,95
6454,78
6455,83
6456,14
6457,50
6458,6
6459,70
6460,84
6461,40
6462,74
6463,36
6464,76
6465,92
6466,90
6467,24
6468,15
6469,58
6470,24
6471,65
6472,2
6473,56
6474,59
6475,28
6476,75
6477,64
6478,32
6479,48
6480,3
6481,44
6482,36
6483,79
6484,27
6485,8
6486,29
6487,43
6488,9
6489,27
6490,26
6491,54
6492,64
6493,21
6494,8
6495,67
6496,8
6497,76
6498,78
6499,31
6500,31
6501,25
6502,69
6503,73
6504,5
6505,28
6506,96
6507,79
6508,29
6509,41
6510,47
6511,43
6512,58
6513,80
6514,34
6515,28
6516,25
6517,50
6518,1
6519,48
6520,75
6521,33
6522,13
6523,70
6524,58
6525,18
6526,71
6527,17
6528,74
6529,99
6530,80
6531,3
6532,21
6533,95
6534,61
6535,18
6536,68
6537,58
6538,22
6539,77
6540,12
6541,13
6542,20
6543,7
6544,60
6545,42
6546,45
6547,37
6548,88
6549,33
6550,50
6551,11
6552,45
6553,79
6554,86
6555,60
6556,87
6557,72
6558,52
6559,23
6560,55
6561,30
6562,46
6563,35
6564,84
6565,66
6566,15
6567,30
6568,15
6569,12
6570,96
6571,10
6572,35
6573,15
6574,90
6575,62
6576,13
6577,20
6578,31
6579,15
6580,29
6581,72
6582,81
6583,8
6584,24
6585,51
6586,59
6587,51
6588,65
6589,6
6590,29
6591,26
6592,51
6593,70
6594,35
6595,21
6596,13
6597,39
6598,53
6599,16
6600,98
6601,70
6602,50
6603,71
6604,7
6605,74
6606,43
6607,18
6608,16
6609,83
6610,96
6611,40
6612,38
6613,52
6614,34
6615,34
6616,30
6617,15
6618,49
6619,8
6620,28
6621,53
6622,57
6623,12
6624,9
6625,29
6626,66
6627,5
6628,47
6629,60
6630,56
6631,41
6632,50
6633,70
6634,24
6635,30
6636,22
6637,93
6638,38
6639,40
6640,90
6641,60
6642,57
6643,27
6644,99
6645,62
6646,93
6647,97
6648,2
6649,84
6650,12
6651,19
6652,88
6653,2
6654,50
6655,34
6656,71
6657,39
6658,97
6659,32
6660,61
6661,18
6662,33
6663,5
6664,54
6665,24
6666,72
6667,10
6668,35
6669,71
6670,18
6671,26
6672,8
6673,55
6674,14
6675,78
6676,79
6677,6
6678,66
6679,31
6680,46
6681,69
6682,68
6683,67
6684,71
6685,58
6686,34
6687,97
6688,34
6689,25
6690,43
6691,39
6692,98
6693,1
6694,61
6695,10
6696,97
6697,42
6698,66
6699,60
6700,10
6701,81
6702,1
6703,99
6704,89
6705,89
6706,14
6707,89
6708,4
6709,9
6710,60
6711,71
6712,36
6713,67
6714,24
6715,15
6716,64
6717,79
6718,61
6719,95
6720,34
6721,73
6722,85
6723,26
6724,37
6725,45
6726,78
6727,38
6728,43
6729,23
6730,35
6731,22
6732,20
6733,73
6734,44
6735,60
6736,50
6737,34
6738,19
6739,45
6740,37
6741,81
6742,87
6743,12
6744,9
6745,20
6746,31
6747,58
6748,59
6749,75
6750,89
6751,7
6752,57
6753,31
6754,75
6755,69
6756,14
6757,49
6758,34
6759,10
6760,59
6761,81
6762,53
6763,55
6764,27
6765,43
6766,19
6767,81
6768,61
6769,87
6770,50
6771,68
6772,80
6773,35
6774,12
6775,11
6776,89
6777,54
6778,86
6779,54
6780,97
6781,51
6782,77
6783,55
6784,44
6785,92
6786,64
6787,55
6788,4
6789,23
6790,24
6791,36
6792,78
6793,47
6794,59
6795,62
6796,27
6797,5
6798,40
6799,96
6800,51
6801,43
6802,72
6803,94
6804,28
6805,54
6806,80
6807,89
6808,4
6809,87
6810,79
6811,93
6812,33
6813,95
6814,65
6815,62
6816,6
6817,60
6818,22
6819,87
6820,34
6821,89
6822,85
6823,19
6824,68
6825,7
6826,40
6827,17
6828,24
6829,97
6830,31
6831,14
6832,54
6833,76
6834,99
6835,28
6836,25
6837,93
6838,51
6839,46
6840,46
6841,43
6842,60
6843,70
6844,89
6845,7
6846,46
6847,46
6848,84
6849,94
6850,22
6851,78
6852,17
6853,36
6854,45
6855,84
6856,6
6857,53
6858,6
6859,36
6860,62
6861,41
6862,9
6863,18
6864,1
6865,32
6866,82
6867,14
6868,79
6869,42
6870,42
6871,97
6872,50
6873,29
6874,82
6875,56
6876,34
6877,32
6878,72
6879,47
6880,91
6881,77
6882,70
6883,2
6884,34
6885,14
6886,23
6887,37
6888,75
6889,90
6890,34
6891,3
6892,55
6893,96
6894,1
6895,66
6896,70
6897,57
6898,94
6899,8
6900,73
6901,88
6902,72
6903,24
6904,97
6905,1
6906,7
6907,34
6908,34
6909,33
6910,18
6911,5
6912,98
6913,91
6914,83
6915,66
6916,43
6917,97
6918,93
6919,41
6920,47
6921,81
6922,79
6923,73
6924,77
6925,58
6926,12
6927,28
6928,86
6929,75
6930,57
6931,61
6932,37
6933,21
6934,46
6935,71
6936,39
6937,43
6938,95
6939,19
6940,21
6941,69
6942,58
6943,86
6944,85
6945,53
6946,89
6947,30
6948,92
6949,46
6950,58
6951,33
6952,21
6953,70
6954,36
6955,14
6956,28
6957,61
6958,39
6959,78
6960,19
6961,30
6962,85
6963,6
6964,84
6965,22
6966,30
6967,71
6968,34
6969,78
6970,49
6971,62
6972,49
6973,92
6974,14
6975,13
6976,12
6977,71
6978,95
6979,43
6980,62
6981,46
6982,87
6983,65
6984,53
6985,96
6986,20
6987,23
6988,98
6989,7
6990,2
6991,17
6992,82
6993,38
6994,8
6995,33
6996,72
6997,7
6998,14
6999,18
7000,48
7001,91
7002,28
7003,39
7004,77
7005,37
7006,4
7007,67
7008,53
7009,11
7010,19
7011,48
7012,58
7013,44
7014,95
7015,26
7016,80
7017,30
7018,92
7019,71
7020,70
7021,60
7022,23
7023,69
7024,54
7025,48
7026,52
7027,33
7028,78
7029,87
7030,11
7031,10
7032,38
7033,49
7034,39
7035,46
7036,74
7037,60
7038,48
7039,88
7040,56
7041,66
7042,95
7043,4
7044,88
7045,44
7046,62
7047,8
7048,42
7049,66
7050,93
7051,90
7052,22
7053,42
7054,49
7055,5
7056,30
7057,95
7058,7
7059,29
7060,48
7061,71
7062,57
7063,61
7064,30
7065,45
7066,18
7067,9
7068,29
7069,61
7070,13
7071,98
7072,21
7073,57
7074,73
7075,65
7076,90
7077,76
7078,12
7079,91
7080,46
7081,22
7082,12
7083,79
7084,96
7085,6
7086,48
7087,60
7088,54
7089,25
7090,68
7091,91
7092,61
7093,62
7094,90
7095,94
7096,82
7097,84
7098,35
7099,57
7100,37
7101,87
7102,35
7103,88
7104,51
7105,66
7106,24
7107,20
7108,90
7109,35
7110,39
7111,63
7112,23
7113,75
7114,21
7115,18
7116,1
7117,46
7118,54
7119,91
7120,52
7121,21
7122,15
7123,70
7124,99
7125,56
7126,76
7127,13
7128,86
7129,52
7130,92
7131,2
7132,1
7133,75
7134,12
7135,50
7136,62
7137,63
7138,34
7139,23
7140,92
7141,93
7142,48
7143,5
7144,77
7145,76
7146,61
7147,80
7148,33
7149,30
7150,93
7151,37
7152,87
7153,56
7154,6
7155,83
7156,16
7157,74
7158,59
7159,9
7160,85
7161,88
7162,39
7163,7
7164,5
7165,30
7166,18
7167,11
7168,49
7169,91
7170,34
7171,98
7172,59
7173,64
7174,80
7175,6
7176,60
7177,23
7178,42
7179,15
7180,90
7181,6
7182,95
7183,21
7184,38
7185,19
7186,47
7187,43
7188,21
7189,21
7190,68
7191,8
7192,38
7193,33
7194,49
7195,92
7196,48
7197,3
7198,40
7199,50
7200,60
7201,22
7202,28
7203,10
7204,7
7205,97
7206,57
7207,27
7208,41
7209,44
7210,84
7211,4
7212,70
7213,58
7214,68
7215,81
7216,63
7217,64
7218,84
7219,77
7220,93
7221,24
7222,65
7223,6
7224,92
7225,6
7226,98
7227,95
7228,99
7229,5
7230,9
7231,15
7232,26
7233,31
7234,8
7235,85
7236,26
7237,20
7238,87
7239,1
7240,92
7241,13
7242,77
7243,71
7244,1
7245,25
7246,43
7247,68
7248,42
7249,98
7250,79
7251,48
7252,65
7253,93
7254,34
7255,77
7256,63
7257,6
7258,13
7259,12
7260,87
7261,43
7262,45
7263,78
7264,78
7265,15
7266,35
7267,84
7268,7
7269,43
7270,74
7271,73
7272,88
7273,11
7274,69
7275,62
7276,70
7277,39
7278,81
7279,96
7280,87
7281,74
7282,62
7283,11
7284,29
7285,13
7286,95
7287,69
7288,93
7289,51
7290,76
7291,3
7292,67
7293,90
7294,39
7295,45
7296,40
7297,3
7298,8
7299,43
7300,16
7301,81
7302,67
7303,78
7304,10
7305,55
7306,80
7307,44
7308,13
7309,58
7310,70
7311,36
7312,95
7313,72
7314,83
7315,77
7316,65
7317,44
7318,79
7319,14
7320,22
7321,27
7322,15
7323,47
7324,1
7325,21
7326,46
7327,54
7328,17
7329,71
7330,55
7331,48
7332,85
7333,74
7334,22
7335,41
7336,67
7337,19
7338,13
7339,37
7340,46
7341,61
7342,17
7343,91
7344,44
7345,32
7346,98
7347,62
7348,68
7349,19
7350,36
7351,34
7352,43
7353,89
7354,42
7355,61
7356,89
7357,5
7358,92
7359,41
7360,96
7361,4
7362,39
7363,74
7364,79
7365,73
7366,69
7367,75
7368,41
7369,88
7370,74
7371,6
7372,13
7373,47
7374,96
7375,26
7376,88
7377,49
7378,83
7379,63
7380,67
7381,82
7382,48
7383,9
7384,47
7385,37
7386,77
7387,61
7388,70
7389,82
7390,19
7391,56
7392,85
7393,45
7394,11
7395,59
7396,42
7397,99
7398,72
7399,78
7400,30
7401,42
7402,54
7403,2
7404,40
7405,70
7406,13
7407,73
7408,75
7409,52
7410,53
7411,95
7412,19
7413,19
7414,57
7415,5
7416,51
7417,86
7418,61
7419,57
7420,8
7421,42
7422,50
7423,56
7424,14
7425,66
7426,92
7427,66
7428,96
7429,72
7430,35
7431,63
7432,33
7433,49
7434,63
7435,47
7436,48
7437,41
7438,83
7439,20
7440,66
7441,16
7442,71
7443,59
7444,87
7445,90
7446,3
7447,68
7448,67
7449,76
7450,58
7451,71
7452,20
7453,45
7454,84
7455,4
7456,31
7457,35
7458,62
7459,43
7460,30
7461,83
7462,69
7463,3
7464,25
7465,30
7466,26
7467,67
7468,83
7469,22
7470,39
7471,30
7472,60
7473,69
7474,84
7475,36
7476,50
7477,78
7478,27
7479,41
7480,97
7481,65
7482,57
7483,45
7484,80
7485,19
7486,70
7487,43
7488,52
7489,68
7490,28
7491,5
7492,97
7493,41
7494,73
7495,92
7496,92
7497,72
7498,53
7499,20
7500,9
7501,25
7502,25
7503,85
7504,97
7505,9
7506,12
7507,65
7508,30
7509,15
7510,33
7511,64
7512,90
7513,25
7514,77
7515,23
7516,60
7517,88
7518,36
7519,67
7520,73
7521,54
7522,3
7523,72
7524,95
7525,9
7526,22
7527,8
7528,13
7529,65
7530,76
7531,47
7532,6
7533,11
7534,22
7535,78
7536,95
7537,6
7538,98
7539,1
7540,77
7541,47
7542,92
7543,11
7544,78
7545,52
7546,98
7547,59
7548,31
7549,47
7550,66
7551,74
7552,57
7553,34
7554,62
7555,54
7556,70
7557,66
7558,80
7559,50
7560,67
7561,80
7562,72
7563,89
7564,26
7565,40
7566,16
7567,44
7568,93
7569,27
7570,8
7571,93
7572,78
7573,52
7574,43
7575,37
7576,63
7577,75
7578,86
7579,8
7580,98
7581,67
7582,82
7583,80
7584,33
7585,93
7586,5
7587,65
7588,41
7589,51
7590,48
7591,6
7592,35
7593,9
7594,29
7595,68
7596,5
7597,4
7598,79
7599,66
7600,36
7601,62
7602,38
7603,81
7604,23
7605,52
7606,20
7607,76
7608,68
7609,20
7610,66
7611,74
7612,80
7613,94
7614,29
7615,32
7616,37
7617,32
7618,78
7619,52
7620,24
7621,32
7622,66
7623,25
7624,68
7625,11
7626,95
7627,52
7628,84
7629,90
7630,73
7631,74
7632,22
7633,51
7634,94
7635,16
7636,4
7637,71
7638,74
7639,18
7640,88
7641,72
7642,72
7643,55
7644,85
7645,79
7646,13
7647,76
7648,97
7649,39
7650,86
7651,7
7652,81
7653,86
7654,77
7655,20
7656,84
7657,34
7658,37
7659,58
7660,53
7661,3
7662,57
7663,92
7664,88
7665,58
7666,20
7667,27
7668,20
7669,57
7670,79
7671,77
7672,91
7673,41
7674,40
7675,42
7676,34
7677,80
7678,13
7679,40
7680,38
7681,75
7682,86
7683,78
7684,31
7685,86
7686,80
7687,60
7688,81
7689,91
7690,3
7691,55
7692,42
7693,98
7694,80
7695,79
7696,97
7697,95
7698,55
7699,97
7700,22
7701,68
7702,76
7703,52
7704,77
7705,98
7706,30
7707,49
7708,42
7709,40
7710,95
7711,7
7712,37
7713,78
7714,19
7715,58
7716,53
7717,1
7718,2
7719,86
7720,12
7721,99
7722,32
7723,91
7724,20
7725,62
7726,85
7727,64
7728,55
7729,83
7730,64
7731,72
7732,21
7733,18
7734,11
7735,35
7736,31
7737,59
7738,69
7739,2
7740,96
7741,79
7742,7
7743,33
7744,11
7745,55
7746,25
7747,30
7748,73
7749,18
7750,30
7751,29
7752,87
7753,97
7754,25
7755,74
7756,63
7757,23
7758,84
7759,81
7760,48
7761,21
7762,58
7763,19
7764,54
7765,3
7766,58
7767,64
7768,33
7769,67
7770,66
7771,64
7772,19
7773,19
7774,10
7775,78
7776,1
7777,78
7778,46
7779,41
7780,2
7781,60
7782,8
7783,41
7784,96
7785,98
7786,33
7787,15
7788,40
7789,12
7790,19
7791,19
7792,73
7793,31
7794,65
7795,59
7796,93
7797,50
7798,82
7799,91
7800,25
7801,44
7802,78
7803,90
7804,1
7805,43
7806,77
7807,9
7808,72
7809,96
7810,24
7811,19
7812,42
7813,25
7814,76
7815,93
7816,28
7817,85
7818,61
7819,57
7820,90
7821,18
7822,94
7823,14
7824,78
7825,82
7826,43
7827,10
7828,70
7829,86
7830,27
7831,36
7832,54
7833,49
7834,34
7835,22
7836,97
7837,57
7838,12
7839,79
7840,60
7841,34
7842,11
7843,48
7844,68
7845,37
7846,89
7847,3
7848,23
7849,73
7850,84
7851,39
7852,88
7853,48
7854,32
7855,15
7856,43
7857,45
7858,53
7859,17
7860,94
7861,13
7862,17
7863,36
7864,80
7865,98
7866,30
7867,51
7868,11
7869,78
7870,46
7871,59
7872,40
7873,26
7874,49
7875,55
7876,72
7877,91
7878,52
7879,44
7880,17
7881,14
7882,13
7883,20
7884,12
7885,81
7886,74
7887,74
7888,4
7889,1
7890,28
7891,41
7892,67
7893,80
7894,90
7895,2
7896,78
7897,65
7898,85
7899,78
7900,80
7901,47
7902,15
7903,11
7904,4
7905,84
7906,88
7907,14
7908,39
7909,59
7910,19
7911,78
7912,93
7913,36
7914,90
7915,84
7916,67
7917,8
7918,34
7919,37
7920,98
7921,1
7922,31
7923,33
7924,68
7925,1
7926,93
7927,41
7928,13
7929,82
7930,62
7931,62
7932,26
7933,9
7934,6
7935,70
7936,76
7937,69
7938,99
7939,64
7940,23
7941,45
7942,6
7943,48
7944,58
7945,50
7946,13
7947,15
7948,96
7949,57
7950,5
7951,6
7952,29
7953,55
7954,49
7955,70
7956,60
7957,4
7958,41
7959,34
7960,69
7961,5
7962,22
7963,88
7964,82
7965,25
7966,82
7967,62
7968,94
7969,65
7970,46
7971,26
7972,39
7973,71
7974,16
7975,23
7976,92
7977,28
7978,22
7979,37
7980,32
7981,64
7982,64
7983,24
7984,50
7985,9
7986,12
7987,34
7988,7
7989,31
7990,76
7991,81
7992,24
7993,93
7994,20
7995,36
7996,71
7997,68
7998,87
7999,97
8000,22
8001,42
8002,96
8003,60
8004,66
8005,23
8006,90
8007,85
8008,82
8009,52
8010,44
8011,98
8012,80
8013,55
8014,2
8015,69
8016,10
8017,99
8018,65
8019,99
8020,56
8021,14
8022,71
8023,99
8024,94
8025,45
8026,11
8027,39
8028,27
8029,5
8030,5
8031,4
8032,42
8033,97
8034,29
8035,43
8036,83
8037,53
8038,49
8039,14
8040,5
8041,86
8042,60
8043,80
8044,75
8045,50
8046,35
8047,48
8048,20
8049,94
8050,48
8051,33
8052,63
8053,59
8054,73
8055,36
8056,37
8057,50
8058,99
8059,97
8060,67
8061,77
8062,7
8063,28
8064,31
8065,91
8066,81
8067,30
8068,80
8069,30
8070,91
8071,36
8072,87
8073,55
8074,10
8075,32
8076,54
8077,56
8078,58
8079,90
8080,13
8081,63
8082,49
8083,46
8084,91
8085,99
8086,92
8087,95
8088,32
8089,60
8090,8
8091,3
8092,45
8093,10
8094,49
8095,79
8096,26
8097,10
8098,12
8099,50
8100,89
8101,78
8102,33
8103,54
8104,32
8105,70
8106,10
8107,5
8108,93
8109,46
8110,94
8111,24
8112,84
8113,21
8114,44
8115,10
8116,79
8117,54
8118,34
8119,28
8120,90
8121,4
8122,54
8123,98
8124,58
8125,15
8126,50
8127,22
8128,77
8129,91
8130,28
8131,63
8132,62
8133,26
8134,49
8135,73
8136,45
8137,34
8138,54
8139,61
8140,47
8141,64
8142,32
8143,96
8144,49
8145,27
8146,22
8147,71
8148,21
8149,68
8150,54
8151,21
8152,38
8153,19
8154,11
8155,43
8156,49
8157,46
8158,48
8159,87
8160,25
8161,23
8162,78
8163,33
8164,36
8165,80
8166,47
8167,81
8168,71
8169,36
8170,76
8171,40
8172,21
8173,36
8174,13
8175,56
8176,86
8177,26
8178,61
8179,4
8180,6
8181,26
8182,87
8183,37
8184,21
8185,16
8186,41
8187,74
8188,70
8189,5
8190,85
8191,85
8192,17
8193,13
8194,55
8195,39
8196,71
8197,93
8198,84
8199,47
8200,12
8201,81
8202,28
8203,63
8204,43
8205,96
8206,19
8207,86
8208,84
8209,83
8210,61
8211,9
8212,21
8213,63
8214,99
8215,74
8216,90
8217,64
8218,50
8219,55
8220,52
8221,94
8222,80
8223,2
8224,92
8225,82
8226,7
8227,29
8228,1
8229,97
8230,13
8231,97
8232,93
8233,49
8234,59
8235,66
8236,90
8237,87
8238,45
8239,72
8240,87
8241,17
8242,87
8243,37
8244,24
8245,32
8246,99
8247,45
8248,80
8249,15
8250,50
8251,8
8252,24
8253,5
8254,5
8255,87
8256,94
8257,78
8258,59
8259,48
8260,52
8261,12
8262,11
8263,81
8264,7
8265,94
8266,16
8267,34
8268,9
8269,34
8270,23
8271,45
8272,10
8273,97
8274,79
8275,1
8276,83
8277,21
8278,42
8279,48
8280,72
8281,99
8282,4
8283,38
8284,60
8285,69
8286,49
8287,47
8288,51
8289,62
8290,83
8291,90
8292,75
8293,39
8294,97
8295,19
8296,15
8297,17
8298,76
8299,44
8300,21
8301,25
8302,22
8303,64
8304,48
8305,61
8306,97
8307,77
8308,97
8309,49
8310,79
8311,34
8312,21
8313,14
8314,40
8315,90
8316,53
8317,51
8318,59
8319,39
8320,48
8321,19
8322,62
8323,34
8324,39
8325,44
8326,18
8327,33
8328,33
8329,34
8330,66
8331,10
8332,85
8333,70
8334,20
8335,19
8336,22
8337,99
8338,24
8339,65
8340,78
8341,73
8342,14
8343,96
8344,2
8345,55
8346,50
8347,27
8348,29
8349,68
8350,59
8351,5
8352,96
8353,91
8354,59
8355,25
8356,67
8357,4
8358,25
8359,91
8360,3
8361,2
8362,52
8363,90
8364,60
8365,31
8366,59
8367,77
8368,36
8369,7
8370,5
8371,16
8372,22
8373,97
8374,45
8375,27
8376,44
8377,46
8378,36
8379,81
8380,83
8381,54
8382,78
8383,4
8384,82
8385,51
8386,71
8387,84
8388,85
8389,95
8390,26
8391,19
8392,67
8393,44
8394,63
8395,79
8396,9
8397,28
8398,27
8399,76
8400,89
8401,13
8402,82
8403,53
8404,9
8405,8
8406,87
8407,39
8408,42
8409,24
8410,65
8411,37
8412,41
8413,66
8414,43
8415,26
8416,75
8417,55
8418,7
8419,53
8420,53
8421,36
8422,39
8423,99
8424,44
8425,69
8426,65
8427,42
8428,71
8429,3
8430,15
8431,38
8432,52
8433,14
8434,45
8435,78
8436,56
8437,67
8438,71
8439,14
8440,79
8441,65
8442,93
8443,72
8444,89
8445,6
8446,62
8447,38
8448,86
8449,24
8450,11
8451,30
8452,10
8453,25
8454,71
8455,22
8456,44
8457,78
8458,11
8459,22
8460,24
8461,32
8462,27
8463,73
8464,47
8465,53
8466,88
8467,23
8468,46
8469,65
8470,8
8471,22
8472,42
8473,74
8474,76
8475,19
8476,23
8477,53
8478,35
8479,37
8480,15
8481,63
8482,31
8483,95
8484,3
8485,64
8486,24
8487,86
8488,40
8489,62
8490,33
8491,72
8492,89
8493,42
8494,26
8495,88
8496,35
8497,74
8498,27
8499,44
8500,35
8501,17
8502,42
8503,59
8504,41
8505,51
8506,21
8507,59
8508,73
8509,68
8510,68
8511,51
8512,42
8513,98
8514,14
8515,15
8516,99
8517,3
8518,29
8519,32
8520,12
8521,98
8522,82
8523,91
8524,66
8525,63
8526,91
8527,94
8528,16
8529,34
8530,18
8531,21
8532,81
8533,62
8534,20
8535,46
8536,44
8537,84
8538,41
8539,91
8540,56
8541,39
8542,9
8543,33
8544,40
8545,51
8546,75
8547,93
8548,81
8549,1
8550,80
8551,58
8552,21
8553,7
8554,79
8555,92
8556,42
8557,74
8558,30
8559,95
8560,17
8561,23
8562,81
8563,96
8564,82
8565,41
8566,55
8567,94
8568,6
8569,13
8570,98
8571,83
8572,13
8573,1
8574,44
8575,98
8576,49
8577,62
8578,65
8579,91
8580,46
8581,94
8582,79
8583,15
8584,90
8585,60
8586,89
8587,76
8588,65
8589,89
8590,59
8591,50
8592,56
8593,16
8594,32
8595,5
8596,14
8597,7
8598,17
8599,38
8600,31
8601,46
8602,55
8603,15
8604,14
8605,37
8606,81
8607,69
8608,3
8609,14
8610,20
8611,6
8612,93
8613,81
8614,68
8615,89
8616,57
8617,77
8618,36
8619,57
8620,52
8621,58
8622,75
8623,3
8624,87
8625,90
8626,34
8627,28
8628,43
8629,69
8630,28
8631,62
8632,60
8633,68
8634,6
8635,79
8636,49
8637,67
8638,51
8639,65
8640,15
8641,25
8642,22
8643,99
8644,5
8645,20
8646,94
8647,86
8648,38
8649,71
8650,7
8651,87
8652,34
8653,85
8654,13
8655,14
8656,95
8657,72
8658,60
8659,21
8660,97
8661,79
8662,91
8663,79
8664,42
8665,38
8666,66
8667,87
8668,2
8669,23
8670,45
8671,95
8672,95
8673,70
8674,25
8675,4
8676,38
8677,36
8678,88
8679,9
8680,72
8681,93
8682,26
8683,45
8684,64
8685,74
8686,7
8687,63
8688,43
8689,47
8690,17
8691,85
8692,56
8693,41
8694,20
8695,91
8696,64
8697,10
8698,7
8699,99
8700,19
8701,70
8702,33
8703,7
8704,28
8705,66
8706,30
8707,15
8708,90
8709,55
8710,96
8711,20
8712,88
8713,35
8714,50
8715,68
8716,77
8717,94
8718,40
8719,97
8720,21
8721,76
8722,54
8723,33
8724,37
8725,92
8726,66
8727,96
8728,48
8729,98
8730,23
8731,79
8732,92
8733,18
8734,93
8735,37
8736,90
8737,22
8738,2
8739,10
8740,83
8741,34
8742,76
8743,63
8744,7
8745,13
8746,26
8747,5
8748,44
8749,7
8750,38
8751,32
8752,44
8753,16
8754,86
8755,16
8756,92
8757,99
8758,69
8759,23
8760,3
8761,54
8762,32
8763,26
8764,84
8765,75
8766,33
8767,65
8768,3
8769,89
8770,50
8771,88
8772,44
8773,73
8774,90
8775,15
8776,33
8777,26
8778,74
8779,72
8780,38
8781,76
8782,25
8783,28
8784,16
8785,80
8786,20
8787,20
8788,47
8789,32
8790,16
8791,64
8792,26
8793,4
8794,28
8795,95
8796,50
8797,97
8798,89
8799,86
8800,69
8801,26
8802,53
8803,80
8804,18
8805,52
8806,21
8807,4
8808,38
8809,78
8810,16
8811,3
8812,76
8813,10
8814,68
8815,3
8816,22
8817,19
8818,29
8819,18
8820,63
8821,63
8822,88
8823,5
8824,99
8825,13
8826,98
8827,51
8828,29
8829,94
8830,90
8831,52
8832,33
8833,54
8834,29
8835,17
8836,8
8837,86
8838,69
8839,15
8840,93
8841,52
8842,19
8843,13
8844,58
8845,9
8846,29
8847,16
8848,93
8849,36
8850,63
8851,85
8852,52
8853,45
8854,7
8855,37
8856,54
8857,92
8858,67
8859,28
8860,70
8861,3
8862,2
8863,49
8864,85
8865,95
8866,84
8867,77
8868,85
8869,35
8870,40
8871,7
8872,46
8873,6
8874,52
8875,94
8876,12
8877,34
8878,97
8879,24
8880,74
8881,88
8882,84
8883,65
8884,97
8885,67
8886,53
8887,76
8888,48
8889,55
8890,17
8891,69
8892,44
8893,79
8894,72
8895,84
8896,47
8897,19
8898,1
8899,54
8900,66
8901,53
8902,22
8903,13
8904,50
8905,62
8906,89
8907,62
8908,98
8909,7
8910,19
8911,46
8912,70
8913,71
8914,33
8915,38
8916,32
8917,21
8918,38
8919,74
8920,54
8921,67
8922,94
8923,30
8924,48
8925,72
8926,22
8927,56
8928,78
8929,54
8930,89
8931,37
8932,75
8933,28
8934,57
8935,60
8936,77
8937,64
8938,60
8939,69
8940,27
8941,86
8942,12
8943,12
8944,1
8945,68
8946,69
8947,47
8948,58
8949,81
8950,71
8951,74
8952,21
8953,71
8954,16
8955,35
8956,31
8957,18
8958,10
8959,65
8960,35
8961,59
8962,27
8963,86
8964,51
8965,23
8966,83
8967,65
8968,33
8969,49
8970,90
8971,23
8972,36
8973,32
8974,38
8975,2
8976,77
8977,93
8978,96
8979,19
8980,63
8981,88
8982,90
8983,84
8984,19
8985,11
8986,11
8987,91
8988,67
8989,90
8990,25
8991,26
8992,65
8993,93
8994,1
8995,20
8996,51
8997,35
8998,9
8999,91
9000,23
9001,33
9002,96
9003,56
9004,24
9005,81
9006,77
9007,19
9008,44
9009,86
9010,53
9011,62
9012,65
9013,31
9014,58
9015,86
9016,73
9017,33
9018,11
9019,61
9020,93
9021,96
9022,76
9023,28
9024,96
9025,78
9026,91
9027,6
9028,36
9029,48
9030,22
9031,35
9032,52
9033,40
9034,98
9035,96
9036,82
9037,44
9038,77
9039,16
9040,14
9041,72
9042,6
9043,34
9044,68
9045,10
9046,49
9047,70
9048,67
9049,86
9050,98
9051,85
9052,65
9053,52
9054,72
9055,85
9056,94
9057,64
9058,15
9059,57
9060,71
9061,23
9062,92
9063,82
9064,28
9065,43
9066,79
9067,97
9068,2
9069,48
9070,58
9071,91
9072,20
9073,88
9074,14
9075,57
9076,14
9077,79
9078,44
9079,84
9080,83
9081,50
9082,35
9083,7
9084,11
9085,63
9086,91
9087,29
9088,90
9089,78
9090,43
9091,82
9092,79
9093,40
9094,61
9095,30
9096,93
9097,66
9098,47
9099,48
9100,24
9101,49
9102,7
9103,2
9104,65
9105,73
9106,92
9107,96
9108,15
9109,12
9110,63
9111,34
9112,55
9113,93
9114,52
9115,37
9116,99
9117,89
9118,87
9119,48
9120,73
9121,48
9122,96
9123,56
9124,79
9125,77
9126,75
9127,26
9128,80
9129,51
9130,64
9131,61
9132,80
9133,76
9134,1
9135,5
9136,6
9137,11
9138,54
9139,34
9140,43
9141,85
9142,68
9143,26
9144,27
9145,51
9146,90
9147,42
9148,15
9149,38
9150,20
9151,51
9152,72
9153,24
9154,55
9155,81
9156,27
9157,1
9158,10
9159,7
9160,46
9161,5
9162,49
9163,25
9164,13
9165,19
9166,24
9167,6
9168,12
9169,15
9170,7
9171,67
9172,53
9173,75
9174,54
9175,60
9176,83
9177,80
9178,67
9179,57
9180,73
9181,28
9182,73
9183,47
9184,47
9185,24
9186,86
9187,69
9188,91
9189,72
9190,63
9191,91
9192,92
9193,76
9194,12
9195,46
9196,80
9197,61
9198,44
9199,83
9200,17
9201,88
9202,42
9203,88
9204,66
9205,21
9206,37
9207,92
9208,42
9209,2
9210,30
9211,93
9212,38
9213,87
9214,80
9215,59
9216,99
9217,52
9218,29
9219,55
9220,49
9221,58
9222,49
9223,51
9224,24
9225,27
9226,1
9227,95
9228,99
9229,51
9230,73
9231,11
9232,63
9233,71
9234,93
9235,5
9236,15
9237,39
9238,87
9239,12
9240,87
9241,80
9242,55
9243,81
9244,1
9245,6
9246,87
9247,38
9248,24
9249,63
9250,36
9251,52
9252,13
9253,51
9254,57
9255,30
9256,92
9257,62
9258,64
9259,26
9260,30
9261,12
9262,24
9263,60
9264,30
9265,41
9266,70
9267,77
9268,1
9269,43
9270,20
9271,26
9272,42
9273,3
9274,48
9275,46
9276,1
9277,50
9278,18
9279,31
9280,43
9281,88
9282,53
9283,27
9284,87
9285,13
9286,50
9287,25
9288,39
9289,74
9290,75
9291,91
9292,64
9293,25
9294,8
9295,53
9296,76
9297,33
9298,52
9299,38
9300,54
9301,33
9302,65
9303,43
9304,57
9305,63
9306,38
9307,22
9308,97
9309,31
9310,81
9311,4
9312,67
9313,62
9314,51
9315,19
9316,8
9317,14
9318,88
9319,80
9320,62
9321,27
9322,90
9323,15
9324,85
9325,51
9326,8
9327,35
9328,54
9329,92
9330,55
9331,16
9332,85
9333,67
9334,11
9335,91
9336,4
9337,72
9338,29
9339,25
9340,52
9341,73
9342,18
9343,82
9344,50
9345,59
9346,10
9347,89
9348,49
9349,26
9350,11
9351,53
9352,98
9353,25
9354,65
9355,30
9356,39
9357,83
9358,61
9359,7
9360,28
9361,33
9362,36
9363,5
9364,5
9365,46
9366,62
9367,29
9368,74
9369,67
9370,87
9371,89
9372,83
9373,13
9374,14
9375,96
9376,1
9377,39
9378,25
9379,3
9380,46
9381,80
9382,55
9383,28
9384,29
9385,95
9386,42
9387,34
9388,26
9389,59
9390,15
9391,42
9392,79
9393,81
9394,5
9395,15
9396,72
9397,95
9398,22
9399,82
9400,97
9401,89
9402,22
9403,4
9404,51
9405,11
9406,91
9407,92
9408,55
9409,95
9410,76
9411,56
9412,39
9413,31
9414,90
9415,36
9416,96
9417,24
9418,24
9419,82
9420,58
9421,10
9422,70
9423,23
9424,86
9425,66
9426,27
9427,11
9428,69
9429,96
9430,61
9431,27
9432,79
9433,61
9434,37
9435,75
9436,55
9437,35
9438,42
9439,70
9440,72
9441,90
9442,64
9443,30
9444,69
9445,4
9446,96
9447,49
9448,26
9449,92
9450,77
9451,73
9452,5
9453,62
9454,96
9455,44
9456,75
9457,8
9458,99
9459,61
9460,93
9461,82
9462,34
9463,93
9464,88
9465,55
9466,70
9467,65
9468,18
9469,66
9470,48
9471,44
9472,86
9473,22
9474,23
9475,17
9476,60
9477,68
9478,11
9479,63
9480,7
9481,4
9482,57
9483,10
9484,58
9485,71
9486,89
9487,23
9488,54
9489,76
9490,49
9491,25
9492,36
9493,25
9494,39
9495,11
9496,27
9497,26
9498,19
9499,14
9500,76
9501,15
9502,98
9503,81
9504,12
9505,88
9506,60
9507,41
9508,81
9509,51
9510,9
9511,67
9512,67
9513,3
9514,48
9515,58
9516,10
9517,58
9518,36
9519,97
9520,51
9521,68
9522,83
9523,46
9524,39
9525,83
9526,86
9527,5
9528,17
9529,25
9530,69
9531,34
9532,19
9533,96
9534,81
9535,30
9536,46
9537,94
9538,72
9539,32
9540,49
9541,68
9542,98
9543,89
9544,27
9545,47
9546,67
9547,86
9548,58
9549,46
9550,84
9551,77
9552,83
9553,50
9554,34
9555,28
9556,69
9557,70
9558,41
9559,18
9560,71
9561,18
9562,7
9563,47
9564,33
9565,72
9566,26
9567,23
9568,87
9569,17
9570,29
9571,44
9572,75
9573,50
9574,68
9575,21
9576,3
9577,17
9578,67
9579,88
9580,5
9581,1
9582,25
9583,76
9584,67
9585,76
9586,36
9587,18
9588,99
9589,38
9590,67
9591,94
9592,71
9593,37
9594,55
9595,25
9596,81
9597,60
9598,81
9599,64
9600,78
9601,25
9602,3
9603,56
9604,28
9605,85
9606,95
9607,15
9608,48
9609,79
9610,25
9611,41
9612,76
9613,34
9614,52
9615,83
9616,78
9617,50
9618,26
9619,97
9620,68
9621,89
9622,72
9623,60
9624,24
9625,96
9626,15
9627,84
9628,22
9629,47
9630,37
9631,42
9632,43
9633,47
9634,31
9635,61
9636,93
9637,50
9638,90
9639,85
9640,22
9641,28
9642,74
9643,44
9644,29
9645,75
9646,93
9647,29
9648,82
9649,40
9650,4
9651,70
9652,40
9653,65
9654,90
9655,85
9656,87
9657,58
9658,15
9659,50
9660,24
9661,71
9662,88
9663,37
9664,5
9665,73
9666,56
9667,31
9668,52
9669,99
9670,66
9671,16
9672,64
9673,39
9674,4
9675,18
9676,70
9677,98
9678,91
9679,82
9680,86
9681,69
9682,57
9683,42
9684,89
9685,14
9686,49
9687,21
9688,69
9689,71
9690,5
9691,37
9692,61
9693,28
9694,25
9695,34
9696,13
9697,16
9698,25
9699,78
9700,56
9701,36
9702,1
9703,58
9704,57
9705,79
9706,97
9707,33
9708,42
9709,37
9710,34
9711,75
9712,40
9713,88
9714,92
9715,3
9716,93
9717,37
9718,35
9719,62
9720,71
9721,15
9722,91
9723,9
9724,63
9725,87
9726,23
9727,80
9728,35
9729,74
9730,64
9731,64
9732,61
9733,13
9734,74
9735,13
9736,19
9737,62
9738,52
9739,92
9740,85
9741,29
9742,78
9743,67
9744,2
9745,29
9746,56
9747,14
9748,43
9749,28
9750,49
9751,89
9752,5
9753,74
9754,18
9755,33
9756,93
9757,32
9758,67
9759,10
9760,16
9761,62
9762,16
9763,67
9764,42
9765,32
9766,50
9767,36
9768,25
9769,49
9770,95
9771,2
9772,66
9773,52
9774,9
9775,8
9776,65
9777,6
9778,55
9779,27
9780,21
9781,71
9782,45
9783,15
9784,40
9785,15
9786,94
9787,12
9788,69
9789,92
9790,88
9791,35
9792,23
9793,6
9794,87
9795,48
9796,29
9797,56
9798,26
9799,61
9800,25
9801,65
9802,54
9803,3
9804,27
9805,98
9806,15
9807,87
9808,78
9809,47
9810,70
9811,88
9812,41
9813,85
9814,59
9815,85
9816,77
9817,14
9818,4
9819,84
9820,37
9821,47
9822,50
9823,6
9824,96
9825,17
9826,22
9827,35
9828,8
9829,9
9830,56
9831,79
9832,47
9833,8
9834,73
9835,91
9836,82
9837,19
9838,17
9839,40
9840,57
9841,46
9842,59
9843,29
9844,6
9845,74
9846,71
9847,63
9848,14
9849,72
9850,9
9851,12
9852,47
9853,33
9854,54
9855,24
9856,12
9857,92
9858,54
9859,70
9860,69
9861,18
9862,28
9863,72
9864,41
9865,92
9866,13
9867,83
9868,83
9869,66
9870,27
9871,55
9872,16
9873,47
9874,38
9875,13
9876,57
9877,42
9878,62
9879,94
9880,91
9881,57
9882,54
9883,20
9884,7
9885,22
9886,79
9887,94
9888,5
9889,21
9890,25
9891,12
9892,51
9893,6
9894,80
9895,74
9896,56
9897,47
9898,80
9899,38
9900,86
9901,16
9902,28
9903,28
9904,60
9905,14
9906,26
9907,61
9908,12
9909,29
9910,46
9911,2
9912,30
9913,69
9914,8
9915,61
9916,70
9917,65
9918,99
9919,59
9920,98
9921,97
9922,34
9923,73
9924,95
9925,36
9926,24
9927,73
9928,84
9929,80
9930,86
9931,97
9932,41
9933,47
9934,85
9935,68
9936,80
9937,63
9938,38
9939,56
9940,98
9941,15
9942,29
9943,22
9944,17
9945,53
9946,31
9947,80
9948,51
9949,40
9950,65
9951,13
9952,61
9953,8
9954,44
9955,15
9956,40
9957,52
9958,41
9959,93
9960,9
9961,28
9962,28
9963,82
9964,78
9965,63
9966,91
9967,17
9968,99
9969,55
9970,41
9971,90
9972,76
9973,81
9974,66
9975,37
9976,55
9977,67
9978,60
9979,4
9980,85
9981,83
9982,98
9983,90
9984,63
9985,69
9986,7
9987,76
9988,50
9989,33
9990,73
9991,79
9992,41
9993,57
9994,98
9995,77
9996,55
9997,87
9998,52
9999,80
10000,45
